sender,message,conversation_history,receiver
1,"Ik open de vergadering van 8 oktober 2024. 8 oktober is de datum van het Alkmaars ontzet. Vragenuur""","Sender: , message:",24
1,"Een hartelijk woord van welkom aan de minister van Justitie en Veiligheid. Fijn dat u bij ons bent. De minister ontvangt enkele vragen van mevrouw Bikker van de ChristenUnie. Mevrouw Bikker, het woord is aan u.","Sender: , message: , Sender: Voorzitter, message: Ik open de vergadering van 8 oktober 2024. 8 oktober is de datum van het Alkmaars ontzet. Vragenuur""",3
2,"Voorzitter. Het was diep indrukwekkend. Gisteren waren we met een brede afvaardiging van deze Kamer in de Rav Aron Schuster Synagoge in Amsterdam bij de herdenking van 7 oktober. Daar legde de voorzitter van het Centraal Joods Overleg, Chanan Hertzberger, de vinger op de zere plek. Een jaar geleden, op 7 oktober, drongen meer dan 3.000 Hamasterroristen Israël binnen met één doel: zo veel mogelijk Joodse inwoners vermoorden. We weten allemaal wat er toen gebeurde. Het maakte ons gisteren in Amsterdam stil en het maakt ons ook nu stil. In het jaar dat volgde, is er namelijk ontzettend veel gebeurd in het Midden-Oosten, maar helaas ook hier in Nederland. Nederland en zijn Joodse gemeenschap zijn geconfronteerd met een misselijkmakende golf van antisemitisme. ""Door de giftige mix van extreemrechtse racisten, extreemlinkse fanatici en fundamentalistische moslims is het inmiddels bijna normaal om op te roepen tot het vernietigen van de staat Israël."" Zo sprak Hertzberger. Daar blijft het niet bij. De Joodse gemeenschap in ons land wordt dagelijks geconfronteerd met de haat die daaruit doorsijpelt. Gisteren werd opgemerkt ten overstaan van de minister-president en veel fractievoorzitters dat heel veel Joodse Nederlanders zich na bijna 100 jaar afvragen of dit land, ons land, nog het vrije en tolerante land is waar hun families vaak al generaties lang wonen. Voorzitter. Het is onvoorstelbaar pijnlijk dat die vraag op dit moment in ons land gesteld wordt. Dat zou niet zo moeten zijn. Op hetzelfde moment zagen we stationsdemonstraties, acties in Amsterdam tegen vreedzame mensen die wilden herdenken en die op deze verdrietige dag naast Israël wilden staan. Laat ik hier uitspreken dat het ronduit verwerpelijk is en dat het van geen kanten deugt om op een moment van diep verdriet daar met je eigen gelijk dwars doorheen te willen beuken. Voorzitter. We kunnen toekijken of we kunnen opstaan. Vandaag vraag ik aan eenieder en ook aan deze minister van Justitie en Veiligheid om op te staan, om naast iedere Joodse inwoner van ons land te gaan staan en te zeggen: ""Dit gaat stoppen. Ik weet me verantwoordelijk. Op de plek waar ik sta en op de plek waar ik woon, zal ik anderen erop aanspreken als het niet goed gaat. Met alles wat in mij is, zal ik er staan om ervoor te zorgen dat de Joodse gemeenschap veilig is."" Dat is dan ook mijn eerste vraag aan de minister van Justitie en Veiligheid: staat hij op?","Sender: Voorzitter, message: Ik open de vergadering van 8 oktober 2024. 8 oktober is de datum van het Alkmaars ontzet. Vragenuur"", Sender: voorzitter, message: Een hartelijk woord van welkom aan de minister van Justitie en Veiligheid. Fijn dat u bij ons bent. De minister ontvangt enkele vragen van mevrouw Bikker van de ChristenUnie. Mevrouw Bikker, het woord is aan u.",3
1,Het woord is aan hem.,"Sender: voorzitter, message: Een hartelijk woord van welkom aan de minister van Justitie en Veiligheid. Fijn dat u bij ons bent. De minister ontvangt enkele vragen van mevrouw Bikker van de ChristenUnie. Mevrouw Bikker, het woord is aan u., Sender:  Bikker, message: Voorzitter. Het was diep indrukwekkend. Gisteren waren we met een brede afvaardiging van deze Kamer in de Rav Aron Schuster Synagoge in Amsterdam bij de herdenking van 7 oktober. Daar legde de voorzitter van het Centraal Joods Overleg, Chanan Hertzberger, de vinger op de zere plek. Een jaar geleden, op 7 oktober, drongen meer dan 3.000 Hamasterroristen Israël binnen met één doel: zo veel mogelijk Joodse inwoners vermoorden. We weten allemaal wat er toen gebeurde. Het maakte ons gisteren in Amsterdam stil en het maakt ons ook nu stil. In het jaar dat volgde, is er namelijk ontzettend veel gebeurd in het Midden-Oosten, maar helaas ook hier in Nederland. Nederland en zijn Joodse gemeenschap zijn geconfronteerd met een misselijkmakende golf van antisemitisme. ""Door de giftige mix van extreemrechtse racisten, extreemlinkse fanatici en fundamentalistische moslims is het inmiddels bijna normaal om op te roepen tot het vernietigen van de staat Israël."" Zo sprak Hertzberger. Daar blijft het niet bij. De Joodse gemeenschap in ons land wordt dagelijks geconfronteerd met de haat die daaruit doorsijpelt. Gisteren werd opgemerkt ten overstaan van de minister-president en veel fractievoorzitters dat heel veel Joodse Nederlanders zich na bijna 100 jaar afvragen of dit land, ons land, nog het vrije en tolerante land is waar hun families vaak al generaties lang wonen. Voorzitter. Het is onvoorstelbaar pijnlijk dat die vraag op dit moment in ons land gesteld wordt. Dat zou niet zo moeten zijn. Op hetzelfde moment zagen we stationsdemonstraties, acties in Amsterdam tegen vreedzame mensen die wilden herdenken en die op deze verdrietige dag naast Israël wilden staan. Laat ik hier uitspreken dat het ronduit verwerpelijk is en dat het van geen kanten deugt om op een moment van diep verdriet daar met je eigen gelijk dwars doorheen te willen beuken. Voorzitter. We kunnen toekijken of we kunnen opstaan. Vandaag vraag ik aan eenieder en ook aan deze minister van Justitie en Veiligheid om op te staan, om naast iedere Joodse inwoner van ons land te gaan staan en te zeggen: ""Dit gaat stoppen. Ik weet me verantwoordelijk. Op de plek waar ik sta en op de plek waar ik woon, zal ik anderen erop aanspreken als het niet goed gaat. Met alles wat in mij is, zal ik er staan om ervoor te zorgen dat de Joodse gemeenschap veilig is."" Dat is dan ook mijn eerste vraag aan de minister van Justitie en Veiligheid: staat hij op?",3
3,"Dank, voorzitter. Dank ook aan mevrouw Bikker voor de vragen die zij heeft gesteld. Laat ik vooropstellen dat ik absoluut opsta tegen antisemitisme en dat ik sta voor de bestrijding van antisemitisme in al zijn vormen en in al zijn facetten. Mevrouw Bikker heeft gelijk. We hebben gezien dat na de aanval van Hamas op Israël, een jaar en een dag geleden, het aantal meldingen van antisemitisme explosief is gestegen. Dat speelt hier in ons land naar aanleiding van het conflict daar. Dat is zorgelijk en daar moeten we ons toe verhouden. Daarom wil ik nu alvast toezeggen dat ik, in lijn met het regeerprogramma en het hoofdlijnenakkoord, voor de begrotingsbehandeling van mijn eigen ministerie — dat is dus in november — kom met een kabinetsbrede aanpak van antisemitismebestrijding. Daarin zullen we op alle verschillende beleidsterreinen alle aspecten van antisemitisme in extenso behandelen, en ook wat we ertegen moeten doen. Dat gaat over onderwijs, repressie, opvoeding, en over het vieren van de joodse gebruiken en feestdagen. Alle aspecten zullen daarin aan bod komen. Dat brengt mij op de gebeurtenissen van gisteren en op de demonstraties. Daarvoor heb ik als minister van Justitie en Veiligheid immers een bijzondere verantwoordelijkheid. Afgelopen zondag heb ik ook eenieder opgeroepen om deze herdenking in waardigheid en rust te laten plaatsvinden. Ik betreur het dat dat — in sommige gevallen, zeg ik erbij — niet gelukt is. Ik spreek diegenen die daaraan schuldig zijn daar ook op aan: doe normaal. Doe normaal en laat mensen de verschrikkelijke gebeurtenis die een jaar geleden heeft plaatsgevonden, herdenken. Laat ze dat doen in alle waardigheid. Dat staat los van het feit dat men het recht heeft op demonstratie, los van het feit dat men het recht heeft om zijn eigen gevoelens kenbaar te maken. Maar laat elkaar heel en doe normaal.","Sender: Bikker, message: Voorzitter. Het was diep indrukwekkend. Gisteren waren we met een brede afvaardiging van deze Kamer in de Rav Aron Schuster Synagoge in Amsterdam bij de herdenking van 7 oktober. Daar legde de voorzitter van het Centraal Joods Overleg, Chanan Hertzberger, de vinger op de zere plek. Een jaar geleden, op 7 oktober, drongen meer dan 3.000 Hamasterroristen Israël binnen met één doel: zo veel mogelijk Joodse inwoners vermoorden. We weten allemaal wat er toen gebeurde. Het maakte ons gisteren in Amsterdam stil en het maakt ons ook nu stil. In het jaar dat volgde, is er namelijk ontzettend veel gebeurd in het Midden-Oosten, maar helaas ook hier in Nederland. Nederland en zijn Joodse gemeenschap zijn geconfronteerd met een misselijkmakende golf van antisemitisme. ""Door de giftige mix van extreemrechtse racisten, extreemlinkse fanatici en fundamentalistische moslims is het inmiddels bijna normaal om op te roepen tot het vernietigen van de staat Israël."" Zo sprak Hertzberger. Daar blijft het niet bij. De Joodse gemeenschap in ons land wordt dagelijks geconfronteerd met de haat die daaruit doorsijpelt. Gisteren werd opgemerkt ten overstaan van de minister-president en veel fractievoorzitters dat heel veel Joodse Nederlanders zich na bijna 100 jaar afvragen of dit land, ons land, nog het vrije en tolerante land is waar hun families vaak al generaties lang wonen. Voorzitter. Het is onvoorstelbaar pijnlijk dat die vraag op dit moment in ons land gesteld wordt. Dat zou niet zo moeten zijn. Op hetzelfde moment zagen we stationsdemonstraties, acties in Amsterdam tegen vreedzame mensen die wilden herdenken en die op deze verdrietige dag naast Israël wilden staan. Laat ik hier uitspreken dat het ronduit verwerpelijk is en dat het van geen kanten deugt om op een moment van diep verdriet daar met je eigen gelijk dwars doorheen te willen beuken. Voorzitter. We kunnen toekijken of we kunnen opstaan. Vandaag vraag ik aan eenieder en ook aan deze minister van Justitie en Veiligheid om op te staan, om naast iedere Joodse inwoner van ons land te gaan staan en te zeggen: ""Dit gaat stoppen. Ik weet me verantwoordelijk. Op de plek waar ik sta en op de plek waar ik woon, zal ik anderen erop aanspreken als het niet goed gaat. Met alles wat in mij is, zal ik er staan om ervoor te zorgen dat de Joodse gemeenschap veilig is."" Dat is dan ook mijn eerste vraag aan de minister van Justitie en Veiligheid: staat hij op?, Sender: voorzitter, message: Het woord is aan hem.",2
2,"Dank voor deze duidelijke uitspraak dat er voor antisemitisme geen plaats is in Nederland. Wat mij betreft — dat is ook mijn vervolgvraag aan de minister van Justitie en Veiligheid — word je opgespoord en opgepakt op het moment dat je je daaraan schuldig maakt. Zojuist kreeg ik een foto uit een trein waarop te zien is dat de tekst ""Juden raus"" en een davidster aan een galg op het treinstel worden gekalkt. Is het op dit moment zeker dat zulke uitingen onmiddellijk worden verwijderd? Is het op dit moment zeker dat de NS juist op stations en in treinen, waar we al zo veel hebben meegemaakt, alle steun en hulp van de regering krijgt om te voorkomen dat dit plekken zijn van haat, waar Joodse jongeren zich schichtig bewegen, en om ervoor te zorgen dat dit plekken worden van gerechtigheid, waar je opgespoord wordt als je je misdraagt? Ik ben heel benieuwd naar de plannen van de minister, maar ook nu kunnen er al daden volgen. Welke daden van de minister gaan er nu al volgen?","Sender: voorzitter, message: Het woord is aan hem., Sender: Van Weel, message: Dank, voorzitter. Dank ook aan mevrouw Bikker voor de vragen die zij heeft gesteld. Laat ik vooropstellen dat ik absoluut opsta tegen antisemitisme en dat ik sta voor de bestrijding van antisemitisme in al zijn vormen en in al zijn facetten. Mevrouw Bikker heeft gelijk. We hebben gezien dat na de aanval van Hamas op Israël, een jaar en een dag geleden, het aantal meldingen van antisemitisme explosief is gestegen. Dat speelt hier in ons land naar aanleiding van het conflict daar. Dat is zorgelijk en daar moeten we ons toe verhouden. Daarom wil ik nu alvast toezeggen dat ik, in lijn met het regeerprogramma en het hoofdlijnenakkoord, voor de begrotingsbehandeling van mijn eigen ministerie — dat is dus in november — kom met een kabinetsbrede aanpak van antisemitismebestrijding. Daarin zullen we op alle verschillende beleidsterreinen alle aspecten van antisemitisme in extenso behandelen, en ook wat we ertegen moeten doen. Dat gaat over onderwijs, repressie, opvoeding, en over het vieren van de joodse gebruiken en feestdagen. Alle aspecten zullen daarin aan bod komen. Dat brengt mij op de gebeurtenissen van gisteren en op de demonstraties. Daarvoor heb ik als minister van Justitie en Veiligheid immers een bijzondere verantwoordelijkheid. Afgelopen zondag heb ik ook eenieder opgeroepen om deze herdenking in waardigheid en rust te laten plaatsvinden. Ik betreur het dat dat — in sommige gevallen, zeg ik erbij — niet gelukt is. Ik spreek diegenen die daaraan schuldig zijn daar ook op aan: doe normaal. Doe normaal en laat mensen de verschrikkelijke gebeurtenis die een jaar geleden heeft plaatsgevonden, herdenken. Laat ze dat doen in alle waardigheid. Dat staat los van het feit dat men het recht heeft op demonstratie, los van het feit dat men het recht heeft om zijn eigen gevoelens kenbaar te maken. Maar laat elkaar heel en doe normaal.",3
3,"Ja, die daden volgen al. Ook de aanpak van antisemitisme is niet nieuw. Daar is uw Kamer in april over geïnformeerd. Op dit moment worden aangiftes van vergrijpen met een discriminatieachtergrond, dus ook in het geval van antisemitisme, met voorrang opgepakt door zowel politie als OM. Wij hebben ook een expertisecentrum, zowel bij de politie als het OM, dat helpt bij de spoedige afhandeling van dit soort aangiften. Er geldt ook een richtlijn voor een strafverzwaringsgrond, indien sprake is van een discriminatoir aspect bij een vergrijp. Dus ja, er wordt al tegen opgetreden, maar dat is uiteraard niet aan de minister, dat is aan het OM en de politie.","Sender: Van Weel, message: Dank, voorzitter. Dank ook aan mevrouw Bikker voor de vragen die zij heeft gesteld. Laat ik vooropstellen dat ik absoluut opsta tegen antisemitisme en dat ik sta voor de bestrijding van antisemitisme in al zijn vormen en in al zijn facetten. Mevrouw Bikker heeft gelijk. We hebben gezien dat na de aanval van Hamas op Israël, een jaar en een dag geleden, het aantal meldingen van antisemitisme explosief is gestegen. Dat speelt hier in ons land naar aanleiding van het conflict daar. Dat is zorgelijk en daar moeten we ons toe verhouden. Daarom wil ik nu alvast toezeggen dat ik, in lijn met het regeerprogramma en het hoofdlijnenakkoord, voor de begrotingsbehandeling van mijn eigen ministerie — dat is dus in november — kom met een kabinetsbrede aanpak van antisemitismebestrijding. Daarin zullen we op alle verschillende beleidsterreinen alle aspecten van antisemitisme in extenso behandelen, en ook wat we ertegen moeten doen. Dat gaat over onderwijs, repressie, opvoeding, en over het vieren van de joodse gebruiken en feestdagen. Alle aspecten zullen daarin aan bod komen. Dat brengt mij op de gebeurtenissen van gisteren en op de demonstraties. Daarvoor heb ik als minister van Justitie en Veiligheid immers een bijzondere verantwoordelijkheid. Afgelopen zondag heb ik ook eenieder opgeroepen om deze herdenking in waardigheid en rust te laten plaatsvinden. Ik betreur het dat dat — in sommige gevallen, zeg ik erbij — niet gelukt is. Ik spreek diegenen die daaraan schuldig zijn daar ook op aan: doe normaal. Doe normaal en laat mensen de verschrikkelijke gebeurtenis die een jaar geleden heeft plaatsgevonden, herdenken. Laat ze dat doen in alle waardigheid. Dat staat los van het feit dat men het recht heeft op demonstratie, los van het feit dat men het recht heeft om zijn eigen gevoelens kenbaar te maken. Maar laat elkaar heel en doe normaal., Sender: Bikker, message: Dank voor deze duidelijke uitspraak dat er voor antisemitisme geen plaats is in Nederland. Wat mij betreft — dat is ook mijn vervolgvraag aan de minister van Justitie en Veiligheid — word je opgespoord en opgepakt op het moment dat je je daaraan schuldig maakt. Zojuist kreeg ik een foto uit een trein waarop te zien is dat de tekst ""Juden raus"" en een davidster aan een galg op het treinstel worden gekalkt. Is het op dit moment zeker dat zulke uitingen onmiddellijk worden verwijderd? Is het op dit moment zeker dat de NS juist op stations en in treinen, waar we al zo veel hebben meegemaakt, alle steun en hulp van de regering krijgt om te voorkomen dat dit plekken zijn van haat, waar Joodse jongeren zich schichtig bewegen, en om ervoor te zorgen dat dit plekken worden van gerechtigheid, waar je opgespoord wordt als je je misdraagt? Ik ben heel benieuwd naar de plannen van de minister, maar ook nu kunnen er al daden volgen. Welke daden van de minister gaan er nu al volgen?",2
2,"Toch vraag ik ook aan deze minister wat híj op dit moment kan doen. Daarbij citeer ik opperrabbijn Jacobs, die de overheid en de minister-president destijds opriep in een toespraak: ""Vergeet de harde anti-Joodse kern. Vergeet de islamitische schreeuwers die extreem zijn, maar laten we ons concentreren op de 90% toekijkers die het zien en het laten gebeuren, de kudde die de gemakkelijkste weg kiest, de weg van de minste weerstand."" Ziet het programma rondom het bestrijden van antisemitisme, wat ik met alles wat in me is, zal steunen, juist ook op het bereiken van alle mensen in Nederland die kunnen opstaan? Want dat zijn wij samen.","Sender: Bikker, message: Dank voor deze duidelijke uitspraak dat er voor antisemitisme geen plaats is in Nederland. Wat mij betreft — dat is ook mijn vervolgvraag aan de minister van Justitie en Veiligheid — word je opgespoord en opgepakt op het moment dat je je daaraan schuldig maakt. Zojuist kreeg ik een foto uit een trein waarop te zien is dat de tekst ""Juden raus"" en een davidster aan een galg op het treinstel worden gekalkt. Is het op dit moment zeker dat zulke uitingen onmiddellijk worden verwijderd? Is het op dit moment zeker dat de NS juist op stations en in treinen, waar we al zo veel hebben meegemaakt, alle steun en hulp van de regering krijgt om te voorkomen dat dit plekken zijn van haat, waar Joodse jongeren zich schichtig bewegen, en om ervoor te zorgen dat dit plekken worden van gerechtigheid, waar je opgespoord wordt als je je misdraagt? Ik ben heel benieuwd naar de plannen van de minister, maar ook nu kunnen er al daden volgen. Welke daden van de minister gaan er nu al volgen?, Sender: Van Weel, message: Ja, die daden volgen al. Ook de aanpak van antisemitisme is niet nieuw. Daar is uw Kamer in april over geïnformeerd. Op dit moment worden aangiftes van vergrijpen met een discriminatieachtergrond, dus ook in het geval van antisemitisme, met voorrang opgepakt door zowel politie als OM. Wij hebben ook een expertisecentrum, zowel bij de politie als het OM, dat helpt bij de spoedige afhandeling van dit soort aangiften. Er geldt ook een richtlijn voor een strafverzwaringsgrond, indien sprake is van een discriminatoir aspect bij een vergrijp. Dus ja, er wordt al tegen opgetreden, maar dat is uiteraard niet aan de minister, dat is aan het OM en de politie.",3
3,"Dat is mij uit het hart gegrepen. We moeten weg uit deze polarisatie, die in dit specifieke geval nog verder is aangewakkerd door het conflict dat op dit moment woedt in het Midden-Oosten. Dat is het laatste wat we nodig hebben. We moeten tot elkaar komen. We moeten juist die redelijke meerderheid, van mensen die hier in vrede willen samenwonen en willen staan voor onze democratie, mobiliseren, ook in dit kader.","Sender: Van Weel, message: Ja, die daden volgen al. Ook de aanpak van antisemitisme is niet nieuw. Daar is uw Kamer in april over geïnformeerd. Op dit moment worden aangiftes van vergrijpen met een discriminatieachtergrond, dus ook in het geval van antisemitisme, met voorrang opgepakt door zowel politie als OM. Wij hebben ook een expertisecentrum, zowel bij de politie als het OM, dat helpt bij de spoedige afhandeling van dit soort aangiften. Er geldt ook een richtlijn voor een strafverzwaringsgrond, indien sprake is van een discriminatoir aspect bij een vergrijp. Dus ja, er wordt al tegen opgetreden, maar dat is uiteraard niet aan de minister, dat is aan het OM en de politie., Sender: Bikker, message: Toch vraag ik ook aan deze minister wat híj op dit moment kan doen. Daarbij citeer ik opperrabbijn Jacobs, die de overheid en de minister-president destijds opriep in een toespraak: ""Vergeet de harde anti-Joodse kern. Vergeet de islamitische schreeuwers die extreem zijn, maar laten we ons concentreren op de 90% toekijkers die het zien en het laten gebeuren, de kudde die de gemakkelijkste weg kiest, de weg van de minste weerstand."" Ziet het programma rondom het bestrijden van antisemitisme, wat ik met alles wat in me is, zal steunen, juist ook op het bereiken van alle mensen in Nederland die kunnen opstaan? Want dat zijn wij samen.",2
4,"Dank aan de minister voor het beantwoorden van de vragen. Ik sluit me eigenlijk een beetje aan bij mevrouw Bikker, want zij vraagt, via de voorzitter: wat kunt u als minister hieraan doen? U noemt een aantal voorbeelden, terwijl we gisteren zagen hoe het gierend uit de klauwen liep op de Dam in Amsterdam. Ik kreeg ook net die foto doorgestuurd met ""Juden raus"", met een galg eronder. Wat gaan we nou doen? We kunnen toch niet als land blijven kijken naar hoe dit allemaal naar de knoppen gaat en hoe Joden dag in, dag uit worden beledigd, bedreigd en geïntimideerd? Zo kunnen we toch niet met elkaar verder leven in dit land?","Sender: Bikker, message: Toch vraag ik ook aan deze minister wat híj op dit moment kan doen. Daarbij citeer ik opperrabbijn Jacobs, die de overheid en de minister-president destijds opriep in een toespraak: ""Vergeet de harde anti-Joodse kern. Vergeet de islamitische schreeuwers die extreem zijn, maar laten we ons concentreren op de 90% toekijkers die het zien en het laten gebeuren, de kudde die de gemakkelijkste weg kiest, de weg van de minste weerstand."" Ziet het programma rondom het bestrijden van antisemitisme, wat ik met alles wat in me is, zal steunen, juist ook op het bereiken van alle mensen in Nederland die kunnen opstaan? Want dat zijn wij samen., Sender: Van Weel, Message: Dat is mij uit het hart gegrepen. We moeten weg uit deze polarisatie, die in dit specifieke geval nog verder is aangewakkerd door het conflict dat op dit moment woedt in het Midden-Oosten. Dat is het laatste wat we nodig hebben. We moeten tot elkaar komen. We moeten juist die redelijke meerderheid, van mensen die hier in vrede willen samenwonen en willen staan voor onze democratie, mobiliseren, ook in dit kader.",3
3,Dat moeten we ook niet doen. Dat is nou precies waarom ik me hier uitspreek en waarom we deze dialoog hier hebben. Ik denk dat het goed is dat de mondelinge vragen vandaag ook aandacht besteden aan dit onderwerp. Ik zeg u dat ik dit onderwerp zeer serieus neem. Ik kom met een strategie. Die krijgt u binnen anderhalve maand. Daar zal klip-en-klaar in staan wat wij gaan doen om dit fenomeen uit te bannen.,"Sender: Van Weel, message: Dat is mij uit het hart gegrepen. We moeten weg uit deze polarisatie, die in dit specifieke geval nog verder is aangewakkerd door het conflict dat op dit moment woedt in het Midden-Oosten. Dat is het laatste wat we nodig hebben. We moeten tot elkaar komen. We moeten juist die redelijke meerderheid, van mensen die hier in vrede willen samenwonen en willen staan voor onze democratie, mobiliseren, ook in dit kader., Sender: Van Zanten, message: Dank aan de minister voor het beantwoorden van de vragen. Ik sluit me eigenlijk een beetje aan bij mevrouw Bikker, want zij vraagt, via de voorzitter: wat kunt u als minister hieraan doen? U noemt een aantal voorbeelden, terwijl we gisteren zagen hoe het gierend uit de klauwen liep op de Dam in Amsterdam. Ik kreeg ook net die foto doorgestuurd met ""Juden raus"", met een galg eronder. Wat gaan we nou doen? We kunnen toch niet als land blijven kijken naar hoe dit allemaal naar de knoppen gaat en hoe Joden dag in, dag uit worden beledigd, bedreigd en geïntimideerd? Zo kunnen we toch niet met elkaar verder leven in dit land?",4
5,"Gisteravond was er een waardige herdenking. Maar dat de Joodse gemeenschap zichzelf niet meer kan zijn, komt natuurlijk doordat zelfs op een dag als gisteren haat gespuwd wordt, er geïntimideerd wordt en terrorisme zelfs wordt vergoelijkt. Het kan toch niet zo zijn dat bij elke herdenking of viering van de Joodse gemeenschap dit soort wanordelijkheden aan de orde zijn? Mijn vraag aan de minister is dus: wat gaat hij doen? Gaat hij de burgemeesters er ook op wijzen dat dit zo niet verder kan en gaat hij daarover met hen in gesprek?","Sender: Van Zanten, message: Dank aan de minister voor het beantwoorden van de vragen. Ik sluit me eigenlijk een beetje aan bij mevrouw Bikker, want zij vraagt, via de voorzitter: wat kunt u als minister hieraan doen? U noemt een aantal voorbeelden, terwijl we gisteren zagen hoe het gierend uit de klauwen liep op de Dam in Amsterdam. Ik kreeg ook net die foto doorgestuurd met ""Juden raus"", met een galg eronder. Wat gaan we nou doen? We kunnen toch niet als land blijven kijken naar hoe dit allemaal naar de knoppen gaat en hoe Joden dag in, dag uit worden beledigd, bedreigd en geïntimideerd? Zo kunnen we toch niet met elkaar verder leven in dit land?, Sender: Van Weel, message: Dat moeten we ook niet doen. Dat is nou precies waarom ik me hier uitspreek en waarom we deze dialoog hier hebben. Ik denk dat het goed is dat de mondelinge vragen vandaag ook aandacht besteden aan dit onderwerp. Ik zeg u dat ik dit onderwerp zeer serieus neem. Ik kom met een strategie. Die krijgt u binnen anderhalve maand. Daar zal klip-en-klaar in staan wat wij gaan doen om dit fenomeen uit te bannen.",3
3,"Ik spreek heel veel met burgemeesters. Alle burgemeesters in ons land, zeker in de grote steden, worstelen met het toenemende aantal demonstraties, de toenemende polarisatie in de samenleving en het toenemende aantal extreme uitingsvormen in het debat, waardoor demonstraties worden gekaapt en overgenomen. Zo ook gisteren, toen enkele raddraaiers er tijdens een waardige herdenking voor hebben gezorgd dat wanordelijkheden uitbraken, de ME moest worden ingezet en een tegendemonstratie moest worden ontbonden. Dit zijn heel moeilijke besluiten voor burgemeesters. Zij moeten er met respect voor het demonstratierecht, dat een grondrecht is dat we moeten koesteren, voor zorgen dat dit soort demonstraties en tegendemonstraties kunnen plaatsvinden en dat dit in waardigheid en zonder wanordelijkheden gebeurt. Een van mijn speerpunten — u heeft me daar vaker over gehoord — is dat we kijken hoe we de belofte uit het regeerakkoord van een scherper onderscheid tussen vreedzaam demonstreren en ordeverstorende demonstraties vorm kunnen geven. Ik denk dat een aantal van de zaken die we gisteren hebben gezien, precies vallen onder het soort wanordelijkheden waarover we ook met z'n allen als samenleving moeten zeggen: dit willen we niet. Demonstreren mag en moet, maar dit moeten we met z'n allen niet willen. Hou je gewoon aan de wet.","Sender: Van Weel, message: Dat moeten we ook niet doen. Dat is nou precies waarom ik me hier uitspreek en waarom we deze dialoog hier hebben. Ik denk dat het goed is dat de mondelinge vragen vandaag ook aandacht besteden aan dit onderwerp. Ik zeg u dat ik dit onderwerp zeer serieus neem. Ik kom met een strategie. Die krijgt u binnen anderhalve maand. Daar zal klip-en-klaar in staan wat wij gaan doen om dit fenomeen uit te bannen., Sender: Ellian, message: Gisteravond was er een waardige herdenking. Maar dat de Joodse gemeenschap zichzelf niet meer kan zijn, komt natuurlijk doordat zelfs op een dag als gisteren haat gespuwd wordt, er geïntimideerd wordt en terrorisme zelfs wordt vergoelijkt. Het kan toch niet zo zijn dat bij elke herdenking of viering van de Joodse gemeenschap dit soort wanordelijkheden aan de orde zijn? Mijn vraag aan de minister is dus: wat gaat hij doen? Gaat hij de burgemeesters er ook op wijzen dat dit zo niet verder kan en gaat hij daarover met hen in gesprek?",5
6,"Joden zijn vogelvrij in Nederland. Wekelijks horen we tijdens demonstraties oproepen tot geweld tegen Joden, zoals de antisemitische leus ""from the river to the sea"". Antisemieten kunnen deze haatdragende leus nog steeds ongestraft scanderen, ondanks de aangenomen motie waarin deze Hamasleus expliciet wordt erkend als oproep tot geweld tegen Joden. Waarom worden deze antisemieten niet opgepakt? Hoe verklaart de minister zijn passiviteit en die van het OM bij het aanpakken van deze bedreigingen, terwijl de Joodse gemeenschap steeds meer in gevaar komt?","Sender: Ellian, message: Gisteravond was er een waardige herdenking. Maar dat de Joodse gemeenschap zichzelf niet meer kan zijn, komt natuurlijk doordat zelfs op een dag als gisteren haat gespuwd wordt, er geïntimideerd wordt en terrorisme zelfs wordt vergoelijkt. Het kan toch niet zo zijn dat bij elke herdenking of viering van de Joodse gemeenschap dit soort wanordelijkheden aan de orde zijn? Mijn vraag aan de minister is dus: wat gaat hij doen? Gaat hij de burgemeesters er ook op wijzen dat dit zo niet verder kan en gaat hij daarover met hen in gesprek?, Sender: Van Weel, message: Ik spreek heel veel met burgemeesters. Alle burgemeesters in ons land, zeker in de grote steden, worstelen met het toenemende aantal demonstraties, de toenemende polarisatie in de samenleving en het toenemende aantal extreme uitingsvormen in het debat, waardoor demonstraties worden gekaapt en overgenomen. Zo ook gisteren, toen enkele raddraaiers er tijdens een waardige herdenking voor hebben gezorgd dat wanordelijkheden uitbraken, de ME moest worden ingezet en een tegendemonstratie moest worden ontbonden. Dit zijn heel moeilijke besluiten voor burgemeesters. Zij moeten er met respect voor het demonstratierecht, dat een grondrecht is dat we moeten koesteren, voor zorgen dat dit soort demonstraties en tegendemonstraties kunnen plaatsvinden en dat dit in waardigheid en zonder wanordelijkheden gebeurt. Een van mijn speerpunten — u heeft me daar vaker over gehoord — is dat we kijken hoe we de belofte uit het regeerakkoord van een scherper onderscheid tussen vreedzaam demonstreren en ordeverstorende demonstraties vorm kunnen geven. Ik denk dat een aantal van de zaken die we gisteren hebben gezien, precies vallen onder het soort wanordelijkheden waarover we ook met z'n allen als samenleving moeten zeggen: dit willen we niet. Demonstreren mag en moet, maar dit moeten we met z'n allen niet willen. Hou je gewoon aan de wet.",3
3,"Dank voor deze vraag. Ik ben me er zeer van bewust dat uw Kamer zich in meerderheid heeft uitgesproken tegen deze leus en voor het strafbaar stellen daarvan. Het OM geeft hier deze donderdag een vertrouwelijke briefing over aan uw Kamer en zal daarbij ook toelichten waar zij mogelijkheden en onmogelijkheden daarvoor zien. Het is nu eenmaal een feit dat binnen de Nederlandse wet een leus alleen strafbaar is in de context waarin die wordt gebruikt. Ik kan op voorhand niet precies uittekenen welke context leidt tot een vervolging en welke niet. Mensen kunnen dus vervolgd worden voor het gebruiken van die leus, maar alleen als het OM acht dat de wet wordt overtreden door de context waarin die wordt uitgesproken.","Sender: Van Weel, message: Ik spreek heel veel met burgemeesters. Alle burgemeesters in ons land, zeker in de grote steden, worstelen met het toenemende aantal demonstraties, de toenemende polarisatie in de samenleving en het toenemende aantal extreme uitingsvormen in het debat, waardoor demonstraties worden gekaapt en overgenomen. Zo ook gisteren, toen enkele raddraaiers er tijdens een waardige herdenking voor hebben gezorgd dat wanordelijkheden uitbraken, de ME moest worden ingezet en een tegendemonstratie moest worden ontbonden. Dit zijn heel moeilijke besluiten voor burgemeesters. Zij moeten er met respect voor het demonstratierecht, dat een grondrecht is dat we moeten koesteren, voor zorgen dat dit soort demonstraties en tegendemonstraties kunnen plaatsvinden en dat dit in waardigheid en zonder wanordelijkheden gebeurt. Een van mijn speerpunten — u heeft me daar vaker over gehoord — is dat we kijken hoe we de belofte uit het regeerakkoord van een scherper onderscheid tussen vreedzaam demonstreren en ordeverstorende demonstraties vorm kunnen geven. Ik denk dat een aantal van de zaken die we gisteren hebben gezien, precies vallen onder het soort wanordelijkheden waarover we ook met z'n allen als samenleving moeten zeggen: dit willen we niet. Demonstreren mag en moet, maar dit moeten we met z'n allen niet willen. Hou je gewoon aan de wet., Sender: Boon, message: Joden zijn vogelvrij in Nederland. Wekelijks horen we tijdens demonstraties oproepen tot geweld tegen Joden, zoals de antisemitische leus ""from the river to the sea"". Antisemieten kunnen deze haatdragende leus nog steeds ongestraft scanderen, ondanks de aangenomen motie waarin deze Hamasleus expliciet wordt erkend als oproep tot geweld tegen Joden. Waarom worden deze antisemieten niet opgepakt? Hoe verklaart de minister zijn passiviteit en die van het OM bij het aanpakken van deze bedreigingen, terwijl de Joodse gemeenschap steeds meer in gevaar komt?Se",6
7,"Het is werkelijk ziekmakend om te zien hoe het antisemitisme weer woekert in onze samenleving. Ik ben ook benieuwd naar de brief waar de minister mee gaat komen. Ik sluit me aan bij veel vragen die mijn collega's hebben gesteld. Afgelopen weekend las ik het boek van Natascha van Weezel, die helaas als Jodin natuurlijk zelf ook met antisemitisme te maken heeft. Maar zij hield ook een pleidooi tegen polarisatie. Staan er in de brief waar de minister mee komt ook initiatieven zoals dit? Worden de personen en maatschappelijke initiatieven die juist ook de verbinding zoeken tussen bevolkingsgroepen daar ook gelijk in meegenomen? Gaat die brief dus niet alleen over het bestraffen van antisemitisme, maar ook over het vormen van een dialoog?","Sender: Boon, message: Joden zijn vogelvrij in Nederland. Wekelijks horen we tijdens demonstraties oproepen tot geweld tegen Joden, zoals de antisemitische leus ""from the river to the sea"". Antisemieten kunnen deze haatdragende leus nog steeds ongestraft scanderen, ondanks de aangenomen motie waarin deze Hamasleus expliciet wordt erkend als oproep tot geweld tegen Joden. Waarom worden deze antisemieten niet opgepakt? Hoe verklaart de minister zijn passiviteit en die van het OM bij het aanpakken van deze bedreigingen, terwijl de Joodse gemeenschap steeds meer in gevaar komt?, Sender: Van Weel, message: Dank voor deze vraag. Ik ben me er zeer van bewust dat uw Kamer zich in meerderheid heeft uitgesproken tegen deze leus en voor het strafbaar stellen daarvan. Het OM geeft hier deze donderdag een vertrouwelijke briefing over aan uw Kamer en zal daarbij ook toelichten waar zij mogelijkheden en onmogelijkheden daarvoor zien. Het is nu eenmaal een feit dat binnen de Nederlandse wet een leus alleen strafbaar is in de context waarin die wordt gebruikt. Ik kan op voorhand niet precies uittekenen welke context leidt tot een vervolging en welke niet. Mensen kunnen dus vervolgd worden voor het gebruiken van die leus, maar alleen als het OM acht dat de wet wordt overtreden door de context waarin die wordt uitgesproken.",7
3,"Dit is me uit het hart gegrepen. Het gaat mij om de dialoog en om het tegengaan van polarisatie, want als we blijven hangen in polen, komen we nooit tot elkaar. In die zin werkt het conflict in het Midden-Oosten nu als contrastvloeistof die de verschillen die er al waren heel duidelijk blootlegt en extremer maakt. Daar moeten we vanaf. We moeten elkaar vinden in dat midden. Dan denk ik dat we het voor 90% eens kunnen worden over wat voor samenleving wij willen hebben, ook in relatie tot dit onderwerp. Voor die resterende 10% kunnen we dan van mening verschillen, maar dat maakt het probleem in ieder geval een stuk overzichtelijker dan het nu lijkt.","Sender: Van Weel, message: Dank voor deze vraag. Ik ben me er zeer van bewust dat uw Kamer zich in meerderheid heeft uitgesproken tegen deze leus en voor het strafbaar stellen daarvan. Het OM geeft hier deze donderdag een vertrouwelijke briefing over aan uw Kamer en zal daarbij ook toelichten waar zij mogelijkheden en onmogelijkheden daarvoor zien. Het is nu eenmaal een feit dat binnen de Nederlandse wet een leus alleen strafbaar is in de context waarin die wordt gebruikt. Ik kan op voorhand niet precies uittekenen welke context leidt tot een vervolging en welke niet. Mensen kunnen dus vervolgd worden voor het gebruiken van die leus, maar alleen als het OM acht dat de wet wordt overtreden door de context waarin die wordt uitgesproken., Sender: Boswijk, message: Het is werkelijk ziekmakend om te zien hoe het antisemitisme weer woekert in onze samenleving. Ik ben ook benieuwd naar de brief waar de minister mee gaat komen. Ik sluit me aan bij veel vragen die mijn collega's hebben gesteld. Afgelopen weekend las ik het boek van Natascha van Weezel, die helaas als Jodin natuurlijk zelf ook met antisemitisme te maken heeft. Maar zij hield ook een pleidooi tegen polarisatie. Staan er in de brief waar de minister mee komt ook initiatieven zoals dit? Worden de personen en maatschappelijke initiatieven die juist ook de verbinding zoeken tussen bevolkingsgroepen daar ook gelijk in meegenomen? Gaat die brief dus niet alleen over het bestraffen van antisemitisme, maar ook over het vormen van een dialoog?",7
7,"Ik ben blij om dat te horen. Ik ben benieuwd of de brief die de minister gaat schrijven dan ook wordt geschreven vanuit meerdere ministeries, aangezien dit uiteindelijk ook een stukje opvoeding en cultuuroverbrugging is. Dat gebeurt natuurlijk niet alleen vanuit het ministerie van JenV; dat is de uiteindelijke consequentie als je dan nog steeds niet luistert, namelijk dat je dan keihard wordt aangepakt. Dus komt die brief ook vanuit meerdere ministeries?","Sender: Boswijk, message: Het is werkelijk ziekmakend om te zien hoe het antisemitisme weer woekert in onze samenleving. Ik ben ook benieuwd naar de brief waar de minister mee gaat komen. Ik sluit me aan bij veel vragen die mijn collega's hebben gesteld. Afgelopen weekend las ik het boek van Natascha van Weezel, die helaas als Jodin natuurlijk zelf ook met antisemitisme te maken heeft. Maar zij hield ook een pleidooi tegen polarisatie. Staan er in de brief waar de minister mee komt ook initiatieven zoals dit? Worden de personen en maatschappelijke initiatieven die juist ook de verbinding zoeken tussen bevolkingsgroepen daar ook gelijk in meegenomen? Gaat die brief dus niet alleen over het bestraffen van antisemitisme, maar ook over het vormen van een dialoog?, Sender: Van Weel, message: Dit is me uit het hart gegrepen. Het gaat mij om de dialoog en om het tegengaan van polarisatie, want als we blijven hangen in polen, komen we nooit tot elkaar. In die zin werkt het conflict in het Midden-Oosten nu als contrastvloeistof die de verschillen die er al waren heel duidelijk blootlegt en extremer maakt. Daar moeten we vanaf. We moeten elkaar vinden in dat midden. Dan denk ik dat we het voor 90% eens kunnen worden over wat voor samenleving wij willen hebben, ook in relatie tot dit onderwerp. Voor die resterende 10% kunnen we dan van mening verschillen, maar dat maakt het probleem in ieder geval een stuk overzichtelijker dan het nu lijkt.",3
3,"Ja, in ieder geval van het ministerie van Onderwijs, het ministerie van Sociale Zaken, het ministerie van Binnenlandse Zaken en mijn ministerie, en zo mogelijk nog wel van meer ministeries. Het is een breed palet. Het gaat ook om opvoeding, religieuze beleving, dialoog en hoe we ons tot elkaar verhouden op sportvelden. Het wordt breed.","Sender: Van Weel, message: Dit is me uit het hart gegrepen. Het gaat mij om de dialoog en om het tegengaan van polarisatie, want als we blijven hangen in polen, komen we nooit tot elkaar. In die zin werkt het conflict in het Midden-Oosten nu als contrastvloeistof die de verschillen die er al waren heel duidelijk blootlegt en extremer maakt. Daar moeten we vanaf. We moeten elkaar vinden in dat midden. Dan denk ik dat we het voor 90% eens kunnen worden over wat voor samenleving wij willen hebben, ook in relatie tot dit onderwerp. Voor die resterende 10% kunnen we dan van mening verschillen, maar dat maakt het probleem in ieder geval een stuk overzichtelijker dan het nu lijkt., Sender: Boswijk, message: Ik ben blij om dat te horen. Ik ben benieuwd of de brief die de minister gaat schrijven dan ook wordt geschreven vanuit meerdere ministeries, aangezien dit uiteindelijk ook een stukje opvoeding en cultuuroverbrugging is. Dat gebeurt natuurlijk niet alleen vanuit het ministerie van JenV; dat is de uiteindelijke consequentie als je dan nog steeds niet luistert, namelijk dat je dan keihard wordt aangepakt. Dus komt die brief ook vanuit meerdere ministeries?",7
8,"Dank voor de heldere, ondubbelzinnige stellingname van de minister op dit thema. Maar dan toch even boter bij de vis. We hebben het over het demonstratierecht. Dat is een grondrecht, zegt de minister. Maar is er dan helemaal niets heilig? Zijn er dan helemaal geen grenzen? Gisteren vond er een waardige herdenking plaats van de moord en marteling van 1.200 mensen. Is dat dan de plek waarbij een demonstratie toegestaan moet worden? Zijn er dan binnen dat demonstratierecht geen grenzen aan waar je mag demonstreren, vraag ik aan de minister. Ik zou haast zeggen: wat is het volgende? Waar liggen dan de grenzen?","Sender: Boswijk, message: Ik ben blij om dat te horen. Ik ben benieuwd of de brief die de minister gaat schrijven dan ook wordt geschreven vanuit meerdere ministeries, aangezien dit uiteindelijk ook een stukje opvoeding en cultuuroverbrugging is. Dat gebeurt natuurlijk niet alleen vanuit het ministerie van JenV; dat is de uiteindelijke consequentie als je dan nog steeds niet luistert, namelijk dat je dan keihard wordt aangepakt. Dus komt die brief ook vanuit meerdere ministeries?, Sender: Van Weel, message: Ja, in ieder geval van het ministerie van Onderwijs, het ministerie van Sociale Zaken, het ministerie van Binnenlandse Zaken en mijn ministerie, en zo mogelijk nog wel van meer ministeries. Het is een breed palet. Het gaat ook om opvoeding, religieuze beleving, dialoog en hoe we ons tot elkaar verhouden op sportvelden. Het wordt breed.",3
3,"Het demonstratierecht is helder. Dat kent grenzen, maar die zijn wel ruim. Die zijn ruim met een reden, want het is een grondrecht en mensen moeten de mogelijkheid hebben om zich te uiten. Zo moeten tegendemonstranten ook hoorbaar of zichtbaar zijn. Dat is allemaal jurisprudentie die voortkomt uit regimes of tijden waarin demonstraties en demonstranten werden onderdrukt. Dat is niet het geval in Nederland, dus we hebben hier een heel breed demonstratierecht. Dat is wat anders dan de vraag wat we met z'n allen acceptabel vinden en de vraag hoe we vinden dat je je moet gedragen tijdens een demonstratie. Moet je de wet overtreden tijdens demonstraties of hou je je aan de wet? Luister je naar de politie als die je een opdracht geeft tijdens een demonstratie, of doe je dat niet? Ga je over tot fysieke wanordelijkheden of vernielingen, of niet? Dat zijn alle zaken waarover ik de dialoog wil aangaan. Overigens geldt dit ongeacht het onderwerp van de demonstraties. In algemene zin denk ik dat het draagvlak voor demonstraties onder druk komt te staan als we steeds vaker steeds extremere vormen van demonstraties zien in ons land. Dan maakt het onderwerp mij niet uit. Maar burgemeesters worstelen daarmee. Zo'n worsteling heeft u ook gisteren kunnen zien in Amsterdam. Daar moest uiteindelijk helaas worden ingegrepen door de ME en een demonstratie moest worden ontbonden, omdat die niet meer ordelijk plaatsvond.","Sender: Van Weel, message: Ja, in ieder geval van het ministerie van Onderwijs, het ministerie van Sociale Zaken, het ministerie van Binnenlandse Zaken en mijn ministerie, en zo mogelijk nog wel van meer ministeries. Het is een breed palet. Het gaat ook om opvoeding, religieuze beleving, dialoog en hoe we ons tot elkaar verhouden op sportvelden. Het wordt breed., Sender: Flach, message: Dank voor de heldere, ondubbelzinnige stellingname van de minister op dit thema. Maar dan toch even boter bij de vis. We hebben het over het demonstratierecht. Dat is een grondrecht, zegt de minister. Maar is er dan helemaal niets heilig? Zijn er dan helemaal geen grenzen? Gisteren vond er een waardige herdenking plaats van de moord en marteling van 1.200 mensen. Is dat dan de plek waarbij een demonstratie toegestaan moet worden? Zijn er dan binnen dat demonstratierecht geen grenzen aan waar je mag demonstreren, vraag ik aan de minister. Ik zou haast zeggen: wat is het volgende? Waar liggen dan de grenzen?Se",8
8,"Wat de SGP betreft was dit ver over de grens. Het verzieken van een herdenking van zo veel leed valt niet onder het demonstratierecht, wat ons betreft. Maar dan heb ik een andere vraag over de context die de minister net schetste. Het bestraffen van antisemitisme is heel lastig, omdat je dat moet doen in de context. Als de NCAB signaleert dat er sinds 7 oktober vorig jaar een enorme toename is van antisemitische incidenten, is dat toch een belangrijke context waarbinnen een rechter of het Openbaar Ministerie hun werk kunnen doen? Zij kunnen dan zeggen: ""Hier is een duidelijke relatie met wat er gebeurd is op 7 oktober vorig jaar. Dat is een context die we meewegen, dus we kunnen bestraffen op dat soort verwerpelijke leuzen over rivieren, de zee enzovoorts."" Ik ga de leus niet eens herhalen. Maar daar zou je toch een contextfactor van kunnen maken?","Sender: Flach, message: Dank voor de heldere, ondubbelzinnige stellingname van de minister op dit thema. Maar dan toch even boter bij de vis. We hebben het over het demonstratierecht. Dat is een grondrecht, zegt de minister. Maar is er dan helemaal niets heilig? Zijn er dan helemaal geen grenzen? Gisteren vond er een waardige herdenking plaats van de moord en marteling van 1.200 mensen. Is dat dan de plek waarbij een demonstratie toegestaan moet worden? Zijn er dan binnen dat demonstratierecht geen grenzen aan waar je mag demonstreren, vraag ik aan de minister. Ik zou haast zeggen: wat is het volgende? Waar liggen dan de grenzen?, Sender: Van Weel, message: Het demonstratierecht is helder. Dat kent grenzen, maar die zijn wel ruim. Die zijn ruim met een reden, want het is een grondrecht en mensen moeten de mogelijkheid hebben om zich te uiten. Zo moeten tegendemonstranten ook hoorbaar of zichtbaar zijn. Dat is allemaal jurisprudentie die voortkomt uit regimes of tijden waarin demonstraties en demonstranten werden onderdrukt. Dat is niet het geval in Nederland, dus we hebben hier een heel breed demonstratierecht. Dat is wat anders dan de vraag wat we met z'n allen acceptabel vinden en de vraag hoe we vinden dat je je moet gedragen tijdens een demonstratie. Moet je de wet overtreden tijdens demonstraties of hou je je aan de wet? Luister je naar de politie als die je een opdracht geeft tijdens een demonstratie, of doe je dat niet? Ga je over tot fysieke wanordelijkheden of vernielingen, of niet? Dat zijn alle zaken waarover ik de dialoog wil aangaan. Overigens geldt dit ongeacht het onderwerp van de demonstraties. In algemene zin denk ik dat het draagvlak voor demonstraties onder druk komt te staan als we steeds vaker steeds extremere vormen van demonstraties zien in ons land. Dan maakt het onderwerp mij niet uit. Maar burgemeesters worstelen daarmee. Zo'n worsteling heeft u ook gisteren kunnen zien in Amsterdam. Daar moest uiteindelijk helaas worden ingegrepen door de ME en een demonstratie moest worden ontbonden, omdat die niet meer ordelijk plaatsvond.",3
3,"Hier wil ik niet op de stoel van het OM gaan zitten. Het enige dat ik kan zeggen, is dat uitspraken, het gebruik van vlaggen, het maken van gebaren en alle andere zaken die plaatsvinden, worden meegewogen door politie en OM om uiteindelijk te bepalen of er sprake is van strafbare feiten. De wet is de wet en daar laat ik het ook bij.","Sender: Van Weel, message: Het demonstratierecht is helder. Dat kent grenzen, maar die zijn wel ruim. Die zijn ruim met een reden, want het is een grondrecht en mensen moeten de mogelijkheid hebben om zich te uiten. Zo moeten tegendemonstranten ook hoorbaar of zichtbaar zijn. Dat is allemaal jurisprudentie die voortkomt uit regimes of tijden waarin demonstraties en demonstranten werden onderdrukt. Dat is niet het geval in Nederland, dus we hebben hier een heel breed demonstratierecht. Dat is wat anders dan de vraag wat we met z'n allen acceptabel vinden en de vraag hoe we vinden dat je je moet gedragen tijdens een demonstratie. Moet je de wet overtreden tijdens demonstraties of hou je je aan de wet? Luister je naar de politie als die je een opdracht geeft tijdens een demonstratie, of doe je dat niet? Ga je over tot fysieke wanordelijkheden of vernielingen, of niet? Dat zijn alle zaken waarover ik de dialoog wil aangaan. Overigens geldt dit ongeacht het onderwerp van de demonstraties. In algemene zin denk ik dat het draagvlak voor demonstraties onder druk komt te staan als we steeds vaker steeds extremere vormen van demonstraties zien in ons land. Dan maakt het onderwerp mij niet uit. Maar burgemeesters worstelen daarmee. Zo'n worsteling heeft u ook gisteren kunnen zien in Amsterdam. Daar moest uiteindelijk helaas worden ingegrepen door de ME en een demonstratie moest worden ontbonden, omdat die niet meer ordelijk plaatsvond., Sender: Flach, message: Wat de SGP betreft was dit ver over de grens. Het verzieken van een herdenking van zo veel leed valt niet onder het demonstratierecht, wat ons betreft. Maar dan heb ik een andere vraag over de context die de minister net schetste. Het bestraffen van antisemitisme is heel lastig, omdat je dat moet doen in de context. Als de NCAB signaleert dat er sinds 7 oktober vorig jaar een enorme toename is van antisemitische incidenten, is dat toch een belangrijke context waarbinnen een rechter of het Openbaar Ministerie hun werk kunnen doen? Zij kunnen dan zeggen: ""Hier is een duidelijke relatie met wat er gebeurd is op 7 oktober vorig jaar. Dat is een context die we meewegen, dus we kunnen bestraffen op dat soort verwerpelijke leuzen over rivieren, de zee enzovoorts."" Ik ga de leus niet eens herhalen. Maar daar zou je toch een contextfactor van kunnen maken?",8
1,De heer Six Dijkstra van de ChristenUnie.,"Sender: Flach, message: Wat de SGP betreft was dit ver over de grens. Het verzieken van een herdenking van zo veel leed valt niet onder het demonstratierecht, wat ons betreft. Maar dan heb ik een andere vraag over de context die de minister net schetste. Het bestraffen van antisemitisme is heel lastig, omdat je dat moet doen in de context. Als de NCAB signaleert dat er sinds 7 oktober vorig jaar een enorme toename is van antisemitische incidenten, is dat toch een belangrijke context waarbinnen een rechter of het Openbaar Ministerie hun werk kunnen doen? Zij kunnen dan zeggen: ""Hier is een duidelijke relatie met wat er gebeurd is op 7 oktober vorig jaar. Dat is een context die we meewegen, dus we kunnen bestraffen op dat soort verwerpelijke leuzen over rivieren, de zee enzovoorts."" Ik ga de leus niet eens herhalen. Maar daar zou je toch een contextfactor van kunnen maken?, Sender: Van Weel, message: Hier wil ik niet op de stoel van het OM gaan zitten. Het enige dat ik kan zeggen, is dat uitspraken, het gebruik van vlaggen, het maken van gebaren en alle andere zaken die plaatsvinden, worden meegewogen door politie en OM om uiteindelijk te bepalen of er sprake is van strafbare feiten. De wet is de wet en daar laat ik het ook bij.",9
9,Nieuw Sociaal Contract.,"Sender: Van Weel, message: Hier wil ik niet op de stoel van het OM gaan zitten. Het enige dat ik kan zeggen, is dat uitspraken, het gebruik van vlaggen, het maken van gebaren en alle andere zaken die plaatsvinden, worden meegewogen door politie en OM om uiteindelijk te bepalen of er sprake is van strafbare feiten. De wet is de wet en daar laat ik het ook bij., Sender: voorzitter, message: De heer Six Dijkstra van de ChristenUnie.",1
1,"Nieuw Sociaal Contract, neem mij niet kwalijk. Ik was even ...","Sender: voorzitter, message: De heer Six Dijkstra van de ChristenUnie., Sender: Six Dijkstra, message: Nieuw Sociaal Contract.",9
9,"Het is natuurlijk schandalig, pijnlijk en ronduit onacceptabel dat Joodse Nederlanders zich niet langer veilig voelen in hun eigen land en het idee hebben dat ze hun identiteit moeten verbergen. Ik ben ook blij dat de minister zich daar zo duidelijk over uitspreekt. Ik zie ook uit naar de brief, maar ik ben wel benieuwd. Het is een terugkerend thema en we willen hier over een paar maanden niet nogmaals staan met exact hetzelfde vragenrondje, dus ik ben wel benieuwd naar het volgende. Waar ziet de minister het belangrijkste punt? Waar moet de grootste verandering plaatsvinden om ervoor te zorgen dat antisemitisme niet langer zo woekert in de samenleving?","Sender: Six Dijkstra, message: Nieuw Sociaal Contract., Sender: voorzitter, message: Nieuw Sociaal Contract, neem mij niet kwalijk. Ik was even ...",3
3,"Ik noemde het conflict in het Midden-Oosten net al een soort contrastvloeistof; het heeft een aantal extremen die er al waren, blootgelegd, waarin we erg tegenover elkaar zijn gaan staan. Ik kan de polarisatie in Nederland niet in mijn eentje oplossen, ook niet op dit onderwerp. Maar wat ik wel kan doen, is de dialoog bevorderen om ervoor te zorgen dat we elkaar in het midden meer gaan vinden. Dus daar zult u in die brief ook een heleboel over zien: over dialoog en over onderwijs waarin we meer bewustzijn voor elkaar hebben over en weer. Uiteindelijk moeten we dit in de samenleving doen. We kunnen dat niet alleen maar afdwingen met repressie.","Sender: voorzitter, message: Nieuw Sociaal Contract, neem mij niet kwalijk. Ik was even ..., Sender: Six Dijkstra, message: Het is natuurlijk schandalig, pijnlijk en ronduit onacceptabel dat Joodse Nederlanders zich niet langer veilig voelen in hun eigen land en het idee hebben dat ze hun identiteit moeten verbergen. Ik ben ook blij dat de minister zich daar zo duidelijk over uitspreekt. Ik zie ook uit naar de brief, maar ik ben wel benieuwd. Het is een terugkerend thema en we willen hier over een paar maanden niet nogmaals staan met exact hetzelfde vragenrondje, dus ik ben wel benieuwd naar het volgende. Waar ziet de minister het belangrijkste punt? Waar moet de grootste verandering plaatsvinden om ervoor te zorgen dat antisemitisme niet langer zo woekert in de samenleving?",9
10,"Van onze Joodse Nederlanders blijf je af. Antisemitisme is in elke vorm onacceptabel. Ik wil de minister danken voor zijn heldere stellingname en kijk uit naar zijn inzet om antisemitisme in de breedste zin te bestrijden, niet alleen in de extreme gevallen, maar juist ook bij de zwijgende meerderheid die toekijkt en het laat gebeuren. Dus dank voor die heldere uitspraak in dit vragenuur. Maar de minister geeft ook heel duidelijk aan: polarisatie helpt niet. Het importeren van het conflict uit het Midden-Oosten naar Nederland helpt ons niet. Dan ben ik wel erg benieuwd naar de kijk van de minister op polariserende uitspraken van politici in de afgelopen dagen over dat de NS antisemitisch zou zijn. Of het dieptepunt van vandaag, de leider van de grootste partij die gewoon zegt ""de burgemeester van de grootste stad van het land moeten we het land uitzetten"", terwijl die burgemeester heel hard aan het werk is om het recht op demonstratie voor iedereen in goede banen te leiden en om ervoor te zorgen dat er een waardige herdenking van Joodse Nederlanders kan plaatsvinden. Dus welke streep in het zand trekt het kabinet tegen die polariserende uitspraken van de leider van de grootste partij?","Sender: Six Dijkstra, message: Het is natuurlijk schandalig, pijnlijk en ronduit onacceptabel dat Joodse Nederlanders zich niet langer veilig voelen in hun eigen land en het idee hebben dat ze hun identiteit moeten verbergen. Ik ben ook blij dat de minister zich daar zo duidelijk over uitspreekt. Ik zie ook uit naar de brief, maar ik ben wel benieuwd. Het is een terugkerend thema en we willen hier over een paar maanden niet nogmaals staan met exact hetzelfde vragenrondje, dus ik ben wel benieuwd naar het volgende. Waar ziet de minister het belangrijkste punt? Waar moet de grootste verandering plaatsvinden om ervoor te zorgen dat antisemitisme niet langer zo woekert in de samenleving?, Sender: Van Weel, message: Ik noemde het conflict in het Midden-Oosten net al een soort contrastvloeistof; het heeft een aantal extremen die er al waren, blootgelegd, waarin we erg tegenover elkaar zijn gaan staan. Ik kan de polarisatie in Nederland niet in mijn eentje oplossen, ook niet op dit onderwerp. Maar wat ik wel kan doen, is de dialoog bevorderen om ervoor te zorgen dat we elkaar in het midden meer gaan vinden. Dus daar zult u in die brief ook een heleboel over zien: over dialoog en over onderwijs waarin we meer bewustzijn voor elkaar hebben over en weer. Uiteindelijk moeten we dit in de samenleving doen. We kunnen dat niet alleen maar afdwingen met repressie.",3
3,"Polariseren helpt niet; ik zei dat al. Dat is nou juist wat dit probleem alleen maar groter maakt. Onze burgemeesters worstelen daarmee, overigens niet alleen op dit thema. Ik zei dat eerder. Het geldt ook voor andere demonstraties, waarbij je ziet dat mensen heftig tegenover elkaar komen te staan. Ik sluit mij volledig aan bij de mening van de burgemeester van Den Haag, die heeft gezegd: laten we niet het conflict uit het Midden-Oosten importeren, maar vrede exporteren. Dat begint toch echt ook door hier in Den Haag die polarisatie niet op te zoeken.","Sender: Van Weel, message: Ik noemde het conflict in het Midden-Oosten net al een soort contrastvloeistof; het heeft een aantal extremen die er al waren, blootgelegd, waarin we erg tegenover elkaar zijn gaan staan. Ik kan de polarisatie in Nederland niet in mijn eentje oplossen, ook niet op dit onderwerp. Maar wat ik wel kan doen, is de dialoog bevorderen om ervoor te zorgen dat we elkaar in het midden meer gaan vinden. Dus daar zult u in die brief ook een heleboel over zien: over dialoog en over onderwijs waarin we meer bewustzijn voor elkaar hebben over en weer. Uiteindelijk moeten we dit in de samenleving doen. We kunnen dat niet alleen maar afdwingen met repressie., Sender: Jetten, message: Van onze Joodse Nederlanders blijf je af. Antisemitisme is in elke vorm onacceptabel. Ik wil de minister danken voor zijn heldere stellingname en kijk uit naar zijn inzet om antisemitisme in de breedste zin te bestrijden, niet alleen in de extreme gevallen, maar juist ook bij de zwijgende meerderheid die toekijkt en het laat gebeuren. Dus dank voor die heldere uitspraak in dit vragenuur. Maar de minister geeft ook heel duidelijk aan: polarisatie helpt niet. Het importeren van het conflict uit het Midden-Oosten naar Nederland helpt ons niet. Dan ben ik wel erg benieuwd naar de kijk van de minister op polariserende uitspraken van politici in de afgelopen dagen over dat de NS antisemitisch zou zijn. Of het dieptepunt van vandaag, de leider van de grootste partij die gewoon zegt ""de burgemeester van de grootste stad van het land moeten we het land uitzetten"", terwijl die burgemeester heel hard aan het werk is om het recht op demonstratie voor iedereen in goede banen te leiden en om ervoor te zorgen dat er een waardige herdenking van Joodse Nederlanders kan plaatsvinden. Dus welke streep in het zand trekt het kabinet tegen die polariserende uitspraken van de leider van de grootste partij?",10
1,"Mevrouw Tseggai, GroenLinks-Partij van de Arbeid.","Sender: Jetten, message: Van onze Joodse Nederlanders blijf je af. Antisemitisme is in elke vorm onacceptabel. Ik wil de minister danken voor zijn heldere stellingname en kijk uit naar zijn inzet om antisemitisme in de breedste zin te bestrijden, niet alleen in de extreme gevallen, maar juist ook bij de zwijgende meerderheid die toekijkt en het laat gebeuren. Dus dank voor die heldere uitspraak in dit vragenuur. Maar de minister geeft ook heel duidelijk aan: polarisatie helpt niet. Het importeren van het conflict uit het Midden-Oosten naar Nederland helpt ons niet. Dan ben ik wel erg benieuwd naar de kijk van de minister op polariserende uitspraken van politici in de afgelopen dagen over dat de NS antisemitisch zou zijn. Of het dieptepunt van vandaag, de leider van de grootste partij die gewoon zegt ""de burgemeester van de grootste stad van het land moeten we het land uitzetten"", terwijl die burgemeester heel hard aan het werk is om het recht op demonstratie voor iedereen in goede banen te leiden en om ervoor te zorgen dat er een waardige herdenking van Joodse Nederlanders kan plaatsvinden. Dus welke streep in het zand trekt het kabinet tegen die polariserende uitspraken van de leider van de grootste partij?, Sender: Van Weel, message: Polariseren helpt niet; ik zei dat al. Dat is nou juist wat dit probleem alleen maar groter maakt. Onze burgemeesters worstelen daarmee, overigens niet alleen op dit thema. Ik zei dat eerder. Het geldt ook voor andere demonstraties, waarbij je ziet dat mensen heftig tegenover elkaar komen te staan. Ik sluit mij volledig aan bij de mening van de burgemeester van Den Haag, die heeft gezegd: laten we niet het conflict uit het Midden-Oosten importeren, maar vrede exporteren. Dat begint toch echt ook door hier in Den Haag die polarisatie niet op te zoeken.",11
11,"Ik wil de minister bedanken voor zijn, volgens mij, goede woorden over het aanpakken van antisemitisme, maar ik wil even terug naar de slachtoffers van antisemitisme. Ik werd getriggerd doordat de minister zei: discriminatiezaken hebben voorrang bij politie en het OM. Maar wat ik juist vaak hoor, zeker ook van slachtoffers van antisemitisme, maar ook van slachtoffers van andere vormen van discriminatie, is dat zij eigenlijk als het ware blijven hangen bij het gemeentelijk meldpunt antidiscriminatie en dat aangiftes vaak niet eens bij de politie komen. Hoe kijkt de minister hiernaar? Volgens mij is dat heel zorgelijk. Zou de minister dit aspect kunnen meenemen in zijn aanpak van antisemitisme?","Sender: Van Weel, message: Polariseren helpt niet; ik zei dat al. Dat is nou juist wat dit probleem alleen maar groter maakt. Onze burgemeesters worstelen daarmee, overigens niet alleen op dit thema. Ik zei dat eerder. Het geldt ook voor andere demonstraties, waarbij je ziet dat mensen heftig tegenover elkaar komen te staan. Ik sluit mij volledig aan bij de mening van de burgemeester van Den Haag, die heeft gezegd: laten we niet het conflict uit het Midden-Oosten importeren, maar vrede exporteren. Dat begint toch echt ook door hier in Den Haag die polarisatie niet op te zoeken., Sender: voorzitter, message: Mevrouw Tseggai, GroenLinks-Partij van de Arbeid.",3
3,"Zeker. Zoals ik het heb gezegd, is in mijn beleving de werkelijkheid. Dus die voorrang, die prioriteit wordt eraan gegeven, zowel door politie als door OM. Zoals ik al zei, geldt er ook een strafverzwaring voor dit soort vergrijpen. In die zin heeft het dus de volle aandacht. Ik zal in de brief maar ook in de kabinetsbrede aanpak van discriminatie ervoor zorgen dat deze aspecten, en dus de aangifteafhandeling, want het gaat uiteindelijk om de correcte aangifteafhandeling, worden meegenomen.","Sender: voorzitter, message: Mevrouw Tseggai, GroenLinks-Partij van de Arbeid., Sender: Tseggai, message: Ik wil de minister bedanken voor zijn, volgens mij, goede woorden over het aanpakken van antisemitisme, maar ik wil even terug naar de slachtoffers van antisemitisme. Ik werd getriggerd doordat de minister zei: discriminatiezaken hebben voorrang bij politie en het OM. Maar wat ik juist vaak hoor, zeker ook van slachtoffers van antisemitisme, maar ook van slachtoffers van andere vormen van discriminatie, is dat zij eigenlijk als het ware blijven hangen bij het gemeentelijk meldpunt antidiscriminatie en dat aangiftes vaak niet eens bij de politie komen. Hoe kijkt de minister hiernaar? Volgens mij is dat heel zorgelijk. Zou de minister dit aspect kunnen meenemen in zijn aanpak van antisemitisme?",11
12,"We maken ons ernstig zorgen over het groeiende antisemitisme in Nederland en in Europa. Wat we gisteren hebben gezien, dat er vlaggen worden afgepakt van vreedzame demonstranten, dat er wordt geflyerd met Hamasgoedkeuringen, is verwerpelijk. Het is heel goed dat de minister zegt dat er een brede aanpak moet komen van Jodenhaat in Nederland. Dat is goed nieuws; het is goed dat hij daarop inzet. Ik heb een vraag over het groeiende antisemitisme als een bredere ontwikkeling in Europa. We zien bijvoorbeeld in Oostenrijk en Hongarije voorbeelden van ook radicaal-rechts antisemitisme. Mijn vraag is welke mogelijkheden de minister ziet in Europa om daar harder tegen op te treden.","Sender: Tseggai, message: Ik wil de minister bedanken voor zijn, volgens mij, goede woorden over het aanpakken van antisemitisme, maar ik wil even terug naar de slachtoffers van antisemitisme. Ik werd getriggerd doordat de minister zei: discriminatiezaken hebben voorrang bij politie en het OM. Maar wat ik juist vaak hoor, zeker ook van slachtoffers van antisemitisme, maar ook van slachtoffers van andere vormen van discriminatie, is dat zij eigenlijk als het ware blijven hangen bij het gemeentelijk meldpunt antidiscriminatie en dat aangiftes vaak niet eens bij de politie komen. Hoe kijkt de minister hiernaar? Volgens mij is dat heel zorgelijk. Zou de minister dit aspect kunnen meenemen in zijn aanpak van antisemitisme?, Sender: Van Weel, message: Zeker. Zoals ik het heb gezegd, is in mijn beleving de werkelijkheid. Dus die voorrang, die prioriteit wordt eraan gegeven, zowel door politie als door OM. Zoals ik al zei, geldt er ook een strafverzwaring voor dit soort vergrijpen. In die zin heeft het dus de volle aandacht. Ik zal in de brief maar ook in de kabinetsbrede aanpak van discriminatie ervoor zorgen dat deze aspecten, en dus de aangifteafhandeling, want het gaat uiteindelijk om de correcte aangifteafhandeling, worden meegenomen.",3
3,"Ik vind dit een goede vraag van mevrouw Teunissen en neem die ook graag mee in de kabinetsbrede aanpak. We kijken dus ook waar we internationaal de verbinding kunnen zoeken. Want zoals zij terecht stelt, is dit geen Nederlands probleem; het is iets wat breder speelt in Europa. Ik wil er dus graag naar kijken.","Sender: Van Weel, message:Zeker. Zoals ik het heb gezegd, is in mijn beleving de werkelijkheid. Dus die voorrang, die prioriteit wordt eraan gegeven, zowel door politie als door OM. Zoals ik al zei, geldt er ook een strafverzwaring voor dit soort vergrijpen. In die zin heeft het dus de volle aandacht. Ik zal in de brief maar ook in de kabinetsbrede aanpak van discriminatie ervoor zorgen dat deze aspecten, en dus de aangifteafhandeling, want het gaat uiteindelijk om de correcte aangifteafhandeling, worden meegenomen., Sender: Teunissen, message: We maken ons ernstig zorgen over het groeiende antisemitisme in Nederland en in Europa. Wat we gisteren hebben gezien, dat er vlaggen worden afgepakt van vreedzame demonstranten, dat er wordt geflyerd met Hamasgoedkeuringen, is verwerpelijk. Het is heel goed dat de minister zegt dat er een brede aanpak moet komen van Jodenhaat in Nederland. Dat is goed nieuws; het is goed dat hij daarop inzet. Ik heb een vraag over het groeiende antisemitisme als een bredere ontwikkeling in Europa. We zien bijvoorbeeld in Oostenrijk en Hongarije voorbeelden van ook radicaal-rechts antisemitisme. Mijn vraag is welke mogelijkheden de minister ziet in Europa om daar harder tegen op te treden.",12
12,"We maken ons heel specifiek ook zorgen over wat we zien bij extreemrechtse partijen en de dubbele gezichten: aan de ene kant zien we het optreden tegen Jodenhaat, maar aan de andere kant zien we ook dat er in Oostenrijk naziliederen door FPÖ-aanhangers worden gezongen. Dit is een heel snelle en groeiende ontwikkeling. Mijn vraag is echt om hier specifiek op in te gaan. Hoe gaat het kabinet om met dat dubbele gezicht?","Sender: Teunissen, message: We maken ons ernstig zorgen over het groeiende antisemitisme in Nederland en in Europa. Wat we gisteren hebben gezien, dat er vlaggen worden afgepakt van vreedzame demonstranten, dat er wordt geflyerd met Hamasgoedkeuringen, is verwerpelijk. Het is heel goed dat de minister zegt dat er een brede aanpak moet komen van Jodenhaat in Nederland. Dat is goed nieuws; het is goed dat hij daarop inzet. Ik heb een vraag over het groeiende antisemitisme als een bredere ontwikkeling in Europa. We zien bijvoorbeeld in Oostenrijk en Hongarije voorbeelden van ook radicaal-rechts antisemitisme. Mijn vraag is welke mogelijkheden de minister ziet in Europa om daar harder tegen op te treden., Sender: Van Weel, message: Ik vind dit een goede vraag van mevrouw Teunissen en neem die ook graag mee in de kabinetsbrede aanpak. We kijken dus ook waar we internationaal de verbinding kunnen zoeken. Want zoals zij terecht stelt, is dit geen Nederlands probleem; het is iets wat breder speelt in Europa. Ik wil er dus graag naar kijken.",3
3,"Het gaat mij hier om het bestrijden van antisemitisme, uit welke hoek dat ook komt. Het is even verwerpelijk, of het nou komt uit rechts-extremistische hoek of uit andere kringen. In alle gevallen moeten we ertegen optreden.","Sender: Van Weel, message: Ik vind dit een goede vraag van mevrouw Teunissen en neem die ook graag mee in de kabinetsbrede aanpak. We kijken dus ook waar we internationaal de verbinding kunnen zoeken. Want zoals zij terecht stelt, is dit geen Nederlands probleem; het is iets wat breder speelt in Europa. Ik wil er dus graag naar kijken., Sender: Teunissen, message: We maken ons heel specifiek ook zorgen over wat we zien bij extreemrechtse partijen en de dubbele gezichten: aan de ene kant zien we het optreden tegen Jodenhaat, maar aan de andere kant zien we ook dat er in Oostenrijk naziliederen door FPÖ-aanhangers worden gezongen. Dit is een heel snelle en groeiende ontwikkeling. Mijn vraag is echt om hier specifiek op in te gaan. Hoe gaat het kabinet om met dat dubbele gezicht?",12
13,"Wat er gisteren gebeurde, dat mensen worden belaagd en lastiggevallen als ze de afschuwelijke gebeurtenissen van 7 oktober aan het herdenken zijn, is natuurlijk verschrikkelijk. Ik roep iedereen die wil demonstreren op om dat niet op zo'n dag, op zo'n moment, op zo'n plek te doen. Nog geen halfjaar geleden hebben wij hier een heel goed debat gehad over antisemitisme. Het kabinet komt met een plan en een brief. Ik wacht daarop. Samen met de ChristenUnie en de SGP hebben we ook een initiatief genomen om basisschoolleerlingen zo veel mogelijk naar het Holocaustmuseum te kunnen laten gaan. Maar ik heb ook een vraag aan dit kabinet. Want afgelopen weekend was er ook een partleider die zei dat mensen die naar demonstraties gaan, bedoeld of onbedoeld de terreur van Hamas legitimeren.","Sender: Teunissen, message: We maken ons heel specifiek ook zorgen over wat we zien bij extreemrechtse partijen en de dubbele gezichten: aan de ene kant zien we het optreden tegen Jodenhaat, maar aan de andere kant zien we ook dat er in Oostenrijk naziliederen door FPÖ-aanhangers worden gezongen. Dit is een heel snelle en groeiende ontwikkeling. Mijn vraag is echt om hier specifiek op in te gaan. Hoe gaat het kabinet om met dat dubbele gezicht?, Sender: Van Weel ,message: Het gaat mij hier om het bestrijden van antisemitisme, uit welke hoek dat ook komt. Het is even verwerpelijk, of het nou komt uit rechts-extremistische hoek of uit andere kringen. In alle gevallen moeten we ertegen optreden.",3
1,U bent bijna door … U bent door uw tijd heen.,"Sender: Van Weel, message:  Het gaat mij hier om het bestrijden van antisemitisme, uit welke hoek dat ook komt. Het is even verwerpelijk, of het nou komt uit rechts-extremistische hoek of uit andere kringen. In alle gevallen moeten we ertegen optreden., Sender: Dijk, message: Wat er gisteren gebeurde, dat mensen worden belaagd en lastiggevallen als ze de afschuwelijke gebeurtenissen van 7 oktober aan het herdenken zijn, is natuurlijk verschrikkelijk. Ik roep iedereen die wil demonstreren op om dat niet op zo'n dag, op zo'n moment, op zo'n plek te doen. Nog geen halfjaar geleden hebben wij hier een heel goed debat gehad over antisemitisme. Het kabinet komt met een plan en een brief. Ik wacht daarop. Samen met de ChristenUnie en de SGP hebben we ook een initiatief genomen om basisschoolleerlingen zo veel mogelijk naar het Holocaustmuseum te kunnen laten gaan. Maar ik heb ook een vraag aan dit kabinet. Want afgelopen weekend was er ook een partleider die zei dat mensen die naar demonstraties gaan, bedoeld of onbedoeld de terreur van Hamas legitimeren.",13
13,"Ja, dat kan, maar ik heb wel een vraag. Ik ben bij die demonstraties geweest het afgelopen jaar, op meerdere plekken. Daar zag ik jonge mensen die zich heel druk maken over menselijk leed.","Sender: Dijk, message: Wat er gisteren gebeurde, dat mensen worden belaagd en lastiggevallen als ze de afschuwelijke gebeurtenissen van 7 oktober aan het herdenken zijn, is natuurlijk verschrikkelijk. Ik roep iedereen die wil demonstreren op om dat niet op zo'n dag, op zo'n moment, op zo'n plek te doen. Nog geen halfjaar geleden hebben wij hier een heel goed debat gehad over antisemitisme. Het kabinet komt met een plan en een brief. Ik wacht daarop. Samen met de ChristenUnie en de SGP hebben we ook een initiatief genomen om basisschoolleerlingen zo veel mogelijk naar het Holocaustmuseum te kunnen laten gaan. Maar ik heb ook een vraag aan dit kabinet. Want afgelopen weekend was er ook een partleider die zei dat mensen die naar demonstraties gaan, bedoeld of onbedoeld de terreur van Hamas legitimeren., Sender: voorzitter, message: U bent bijna door … U bent door uw tijd heen.",3
1,"U heeft maar 30 seconden, hè? Dat weet u.","Sender: voorzitter, message: U bent bijna door … U bent door uw tijd heen., Sender: Dijk, message: Ja, dat kan, maar ik heb wel een vraag. Ik ben bij die demonstraties geweest het afgelopen jaar, op meerdere plekken. Daar zag ik jonge mensen die zich heel druk maken over menselijk leed.",13
13,"Ik wil van dit kabinet weten wat voor boodschap dit kabinet heeft aan die jonge mensen die geen onrust zaaien, die geen verdeeldheid zaaien, maar die hun menselijkheid laten spreken en die nu worden weggezet alsof ze Hamas steunen.","Sender: Dijk, message: Ja, dat kan, maar ik heb wel een vraag. Ik ben bij die demonstraties geweest het afgelopen jaar, op meerdere plekken. Daar zag ik jonge mensen die zich heel druk maken over menselijk leed., Sender: voorzitter, message: U heeft maar 30 seconden, hè? Dat weet u.",3
1,Dank u wel.,"Sender: voorzitter, message: U heeft maar 30 seconden, hè? Dat weet u., Sender: Dijk, message: Ik wil van dit kabinet weten wat voor boodschap dit kabinet heeft aan die jonge mensen die geen onrust zaaien, die geen verdeeldheid zaaien, maar die hun menselijkheid laten spreken en die nu worden weggezet alsof ze Hamas steunen.",13
13,Ik wil van dit kabinet horen dat dat ook verwerpelijk is.,"Sender: Dijk, message: Ik wil van dit kabinet weten wat voor boodschap dit kabinet heeft aan die jonge mensen die geen onrust zaaien, die geen verdeeldheid zaaien, maar die hun menselijkheid laten spreken en die nu worden weggezet alsof ze Hamas steunen., Sender: voorzitter, message: Dank u wel.",3
3,"Ik heb u al verteld hoe ik aankijk tegen demonstraties. Ik vind het demonstratierecht een heel groot goed. Als minister van Justitie meng ik me niet in de inhoud; daar ga ik helemaal niet over. Ik verwacht wel van mensen dat demonstraties gewoon plaatsvinden binnen de wet en dat ze niet leiden tot wanordelijkheden. Daar gaat het mij om. U hoort mij dus niet over vreedzame demonstranten die dat binnen de wet doen, die aan de burgemeester toestemming hebben gevraagd voor hun demonstratie, ongeacht de inhoud. Het gaat mij er juist om dat we met z'n allen optreden tegen de uitwassen, de ordeverstorende elementen, de wanordelijkheden, het gebruik van geweld, vernieling. Dat is waar dit kabinet voor staat.","Sender: voorzitter, message: Dank u wel., Sender: Dijk, message: Ik wil van dit kabinet horen dat dat ook verwerpelijk is.",13
14,"De minister geeft terecht aan: ik kan niet in mijn eentje opstaan tegen polarisatie. Ik hoorde in het betoog van collega Boswijk en van collega Bikker een zoektocht om de stille meerderheid vast te houden die wel op zoek is naar verbinding binnen een normerend kader. Er zijn in de samenleving initiatieven die zich ook veel richten op jonge mensen, zoals Standing Together en Bekend maakt Bemind in Amsterdam. Ik heb net gehoord dat de kabinetsbrede aanpak in een brief tot ons zal komen. Mijn vraag aan de minister is of daarin ook aandacht wordt besteed aan het betrekken van juist jongvolwassenen en ouderen in die zoektocht naar verbinding, bijvoorbeeld via het uitbreiden van de initiatieven die ik net noemde.","Sender: Dijk, message: Ik wil van dit kabinet horen dat dat ook verwerpelijk is., Sender: Van Weel, message: Ik heb u al verteld hoe ik aankijk tegen demonstraties. Ik vind het demonstratierecht een heel groot goed. Als minister van Justitie meng ik me niet in de inhoud; daar ga ik helemaal niet over. Ik verwacht wel van mensen dat demonstraties gewoon plaatsvinden binnen de wet en dat ze niet leiden tot wanordelijkheden. Daar gaat het mij om. U hoort mij dus niet over vreedzame demonstranten die dat binnen de wet doen, die aan de burgemeester toestemming hebben gevraagd voor hun demonstratie, ongeacht de inhoud. Het gaat mij er juist om dat we met z'n allen optreden tegen de uitwassen, de ordeverstorende elementen, de wanordelijkheden, het gebruik van geweld, vernieling. Dat is waar dit kabinet voor staat.",3
3,"Ik ken de initiatieven die mevrouw Koekkoek noemt niet, maar natuurlijk gaat het hier ook om verbinding. Natuurlijk gaat het hier ook om jongeren en het samenbrengen van generaties. Ik kijk dus naar de initiatieven en ik zal dit betrekken bij de brief.","Sender: Van Weel, message: Ik heb u al verteld hoe ik aankijk tegen demonstraties. Ik vind het demonstratierecht een heel groot goed. Als minister van Justitie meng ik me niet in de inhoud; daar ga ik helemaal niet over. Ik verwacht wel van mensen dat demonstraties gewoon plaatsvinden binnen de wet en dat ze niet leiden tot wanordelijkheden. Daar gaat het mij om. U hoort mij dus niet over vreedzame demonstranten die dat binnen de wet doen, die aan de burgemeester toestemming hebben gevraagd voor hun demonstratie, ongeacht de inhoud. Het gaat mij er juist om dat we met z'n allen optreden tegen de uitwassen, de ordeverstorende elementen, de wanordelijkheden, het gebruik van geweld, vernieling. Dat is waar dit kabinet voor staat., Sender: Koekkoek, message: De minister geeft terecht aan: ik kan niet in mijn eentje opstaan tegen polarisatie. Ik hoorde in het betoog van collega Boswijk en van collega Bikker een zoektocht om de stille meerderheid vast te houden die wel op zoek is naar verbinding binnen een normerend kader. Er zijn in de samenleving initiatieven die zich ook veel richten op jonge mensen, zoals Standing Together en Bekend maakt Bemind in Amsterdam. Ik heb net gehoord dat de kabinetsbrede aanpak in een brief tot ons zal komen. Mijn vraag aan de minister is of daarin ook aandacht wordt besteed aan het betrekken van juist jongvolwassenen en ouderen in die zoektocht naar verbinding, bijvoorbeeld via het uitbreiden van de initiatieven die ik net noemde.",14
14,"Nog een korte doorvraag. Ik ben natuurlijk blij dat de minister hier positief tegenover staat. Ik denk dat met het bestaan van dit soort initiatieven in de samenleving ook al een signaal wordt gegeven naar dit kabinet dat dit eigenlijk de manier is waarop de stille meerderheid het gesprek over verbinding wil voeren. Wij hoeven als overheid niet zozeer met hele nieuwe ideeën te komen op dit punt, maar moeten vooral kijken hoe je dit faciliteert. Ik wil niet afdoen aan de kabinetsbrieven, maar ik zou het erg waarderen als er in detail ook wordt ingegaan op de vraag hoe je dit juist stimuleert vanuit de samenleving in plaats van dat wij als overheid met nieuwe maatregelen komen.","Sender: Koekkoek, message: De minister geeft terecht aan: ik kan niet in mijn eentje opstaan tegen polarisatie. Ik hoorde in het betoog van collega Boswijk en van collega Bikker een zoektocht om de stille meerderheid vast te houden die wel op zoek is naar verbinding binnen een normerend kader. Er zijn in de samenleving initiatieven die zich ook veel richten op jonge mensen, zoals Standing Together en Bekend maakt Bemind in Amsterdam. Ik heb net gehoord dat de kabinetsbrede aanpak in een brief tot ons zal komen. Mijn vraag aan de minister is of daarin ook aandacht wordt besteed aan het betrekken van juist jongvolwassenen en ouderen in die zoektocht naar verbinding, bijvoorbeeld via het uitbreiden van de initiatieven die ik net noemde., Sender: Van Weel, message: Ik ken de initiatieven die mevrouw Koekkoek noemt niet, maar natuurlijk gaat het hier ook om verbinding. Natuurlijk gaat het hier ook om jongeren en het samenbrengen van generaties. Ik kijk dus naar de initiatieven en ik zal dit betrekken bij de brief.",3
3,Ik denk dat het samen kan gaan. Er zullen ook landelijke initiatieven komen en die zullen ook in deze strategie staan. Tegelijkertijd gaan we zeker faciliteren wat er op lokaal niveau gebeurt en waarvan we denken dat het bijdraagt aan de dialoog en het tegengaan van antisemitisme.,"Sender: Van Weel, message: Ik ken de initiatieven die mevrouw Koekkoek noemt niet, maar natuurlijk gaat het hier ook om verbinding. Natuurlijk gaat het hier ook om jongeren en het samenbrengen van generaties. Ik kijk dus naar de initiatieven en ik zal dit betrekken bij de brief., Sender: Koekkoek, message: Nog een korte doorvraag. Ik ben natuurlijk blij dat de minister hier positief tegenover staat. Ik denk dat met het bestaan van dit soort initiatieven in de samenleving ook al een signaal wordt gegeven naar dit kabinet dat dit eigenlijk de manier is waarop de stille meerderheid het gesprek over verbinding wil voeren. Wij hoeven als overheid niet zozeer met hele nieuwe ideeën te komen op dit punt, maar moeten vooral kijken hoe je dit faciliteert. Ik wil niet afdoen aan de kabinetsbrieven, maar ik zou het erg waarderen als er in detail ook wordt ingegaan op de vraag hoe je dit juist stimuleert vanuit de samenleving in plaats van dat wij als overheid met nieuwe maatregelen komen.",14
15,"Discriminatie is verwerpelijk en antisemitisme is walgelijk. Dat moeten we ook keihard bestrijden wat ons betreft. Tegelijkertijd zien we dat mensen, Nederlanders die kritiek uiten op de staat Israël, weggezet worden als antisemieten. Deelt de minister met mij dat het wegzetten van die mensen als antisemieten niet hoort?","Sender: Koekkoek, message: Nog een korte doorvraag. Ik ben natuurlijk blij dat de minister hier positief tegenover staat. Ik denk dat met het bestaan van dit soort initiatieven in de samenleving ook al een signaal wordt gegeven naar dit kabinet dat dit eigenlijk de manier is waarop de stille meerderheid het gesprek over verbinding wil voeren. Wij hoeven als overheid niet zozeer met hele nieuwe ideeën te komen op dit punt, maar moeten vooral kijken hoe je dit faciliteert. Ik wil niet afdoen aan de kabinetsbrieven, maar ik zou het erg waarderen als er in detail ook wordt ingegaan op de vraag hoe je dit juist stimuleert vanuit de samenleving in plaats van dat wij als overheid met nieuwe maatregelen komen., Sender: Van Weel, message: Ik denk dat het samen kan gaan. Er zullen ook landelijke initiatieven komen en die zullen ook in deze strategie staan. Tegelijkertijd gaan we zeker faciliteren wat er op lokaal niveau gebeurt en waarvan we denken dat het bijdraagt aan de dialoog en het tegengaan van antisemitisme.",3
3,"Je mag kritiek hebben op Israël. Je mag kritiek hebben op beleid van de regering daar. Ook dat is een recht dat we met z'n allen hebben. Ik zal niemand tegenhouden om die kritiek te uiten. Maar het mag nooit een excuus worden om daarmee onder het mom van kritiek op Israël op te schuiven in de richting van antisemitisme. Daar ligt een grens. Die grens is niet aan mij, maar aan het OM en de rechter. Het is wel een grens die natuurlijk in de gaten gehouden wordt. Dus nee, ik zet mensen die kritiek hebben op Israël of op de regering helemaal niet weg. Daar hebben ze alle en het volste recht toe.","Sender: Van Weel, message: Ik denk dat het samen kan gaan. Er zullen ook landelijke initiatieven komen en die zullen ook in deze strategie staan. Tegelijkertijd gaan we zeker faciliteren wat er op lokaal niveau gebeurt en waarvan we denken dat het bijdraagt aan de dialoog en het tegengaan van antisemitisme., Sender: El Abassi, message: Discriminatie is verwerpelijk en antisemitisme is walgelijk. Dat moeten we ook keihard bestrijden wat ons betreft. Tegelijkertijd zien we dat mensen, Nederlanders die kritiek uiten op de staat Israël, weggezet worden als antisemieten. Deelt de minister met mij dat het wegzetten van die mensen als antisemieten niet hoort?",15
15,"Ik hoorde net een goed voorbeeld over een afbeelding met ""Juden raus"". Dat is verwerpelijk, maar daar hebben we hier niet over. We zien fractievoorzitters tweets sturen dat ze burgemeesters het land uit willen sturen. We zien partijen die NS in de schoenen schuiven dat ze antisemitisme faciliteren. Dat is de route waar we nu heen lijken te gaan. Vanochtend kwam Sharon Dijksma, de burgemeester van mijn stad, met de vraag of eigenlijk het verzoek richting het kabinet om afstand te nemen van deze uitspraken. Mijn vraag aan de minister is of hij ook afstand neemt van deze uitspraken.","Sender: El Abassi, message: Discriminatie is verwerpelijk en antisemitisme is walgelijk. Dat moeten we ook keihard bestrijden wat ons betreft. Tegelijkertijd zien we dat mensen, Nederlanders die kritiek uiten op de staat Israël, weggezet worden als antisemieten. Deelt de minister met mij dat het wegzetten van die mensen als antisemieten niet hoort?, Sender: Van Weel, message: Je mag kritiek hebben op Israël. Je mag kritiek hebben op beleid van de regering daar. Ook dat is een recht dat we met z'n allen hebben. Ik zal niemand tegenhouden om die kritiek te uiten. Maar het mag nooit een excuus worden om daarmee onder het mom van kritiek op Israël op te schuiven in de richting van antisemitisme. Daar ligt een grens. Die grens is niet aan mij, maar aan het OM en de rechter. Het is wel een grens die natuurlijk in de gaten gehouden wordt. Dus nee, ik zet mensen die kritiek hebben op Israël of op de regering helemaal niet weg. Daar hebben ze alle en het volste recht toe.",3
3,"Ik ga over mijn eigen uitspraken, en daar zult u mij over horen. Ik heb me wel aangesloten bij de woorden van de burgemeester van Den Haag, de stad waar we nu zijn. Hij zei: laten we niet conflicten importeren, maar vrede exporteren. We moeten dit echt met z'n allen doen. Hoe meer wij polariseren … Alles wat wij doen, zelfs hier in dit gebouw, wordt buiten gekopieerd en gezien. Wij moeten het voorbeeld geven door de dialoog hier aan te gaan en de extremen niet op te zoeken. Dat zou mijn oproep zijn, ook hier.","Sender: Van Weel, message: Je mag kritiek hebben op Israël. Je mag kritiek hebben op beleid van de regering daar. Ook dat is een recht dat we met z'n allen hebben. Ik zal niemand tegenhouden om die kritiek te uiten. Maar het mag nooit een excuus worden om daarmee onder het mom van kritiek op Israël op te schuiven in de richting van antisemitisme. Daar ligt een grens. Die grens is niet aan mij, maar aan het OM en de rechter. Het is wel een grens die natuurlijk in de gaten gehouden wordt. Dus nee, ik zet mensen die kritiek hebben op Israël of op de regering helemaal niet weg. Daar hebben ze alle en het volste recht toe., Sender: El Abassi, message: Ik hoorde net een goed voorbeeld over een afbeelding met ""Juden raus"". Dat is verwerpelijk, maar daar hebben we hier niet over. We zien fractievoorzitters tweets sturen dat ze burgemeesters het land uit willen sturen. We zien partijen die NS in de schoenen schuiven dat ze antisemitisme faciliteren. Dat is de route waar we nu heen lijken te gaan. Vanochtend kwam Sharon Dijksma, de burgemeester van mijn stad, met de vraag of eigenlijk het verzoek richting het kabinet om afstand te nemen van deze uitspraken. Mijn vraag aan de minister is of hij ook afstand neemt van deze uitspraken.",15
2,"Toch nog even terug naar de demonstraties die we gisteren zagen op de stations. Ik heb de brief van meneer Koolmees, de directeur van NS, met aandacht gelezen. Hij geeft aan dat zij al eerder bij de minister van Justitie en Veiligheid hebben aangegeven dat stations niet geschikt zijn voor demonstraties, en dat NS en ProRail geen demonstraties meer willen toestaan. Verder in de brief schrijft hij dat hij dat al eerder aan het ministerie van Justitie en Veiligheid heeft laten weten, maar dat hij nog geen reactie heeft gehad. Hoe zit dat? Worden NS en ProRail in staat gesteld om het mogelijk te maken dat die demonstraties op andere plekken worden gehouden en dat, net als hier, wordt gezegd: niet op het station, wel op het Malieveld? Kan dat zo snel mogelijk mogelijk gemaakt worden?","Sender: El Abassi, message: Ik hoorde net een goed voorbeeld over een afbeelding met ""Juden raus"". Dat is verwerpelijk, maar daar hebben we hier niet over. We zien fractievoorzitters tweets sturen dat ze burgemeesters het land uit willen sturen. We zien partijen die NS in de schoenen schuiven dat ze antisemitisme faciliteren. Dat is de route waar we nu heen lijken te gaan. Vanochtend kwam Sharon Dijksma, de burgemeester van mijn stad, met de vraag of eigenlijk het verzoek richting het kabinet om afstand te nemen van deze uitspraken. Mijn vraag aan de minister is of hij ook afstand neemt van deze uitspraken., Sender; Van Weel, message: Ik ga over mijn eigen uitspraken, en daar zult u mij over horen. Ik heb me wel aangesloten bij de woorden van de burgemeester van Den Haag, de stad waar we nu zijn. Hij zei: laten we niet conflicten importeren, maar vrede exporteren. We moeten dit echt met z'n allen doen. Hoe meer wij polariseren … Alles wat wij doen, zelfs hier in dit gebouw, wordt buiten gekopieerd en gezien. Wij moeten het voorbeeld geven door de dialoog hier aan te gaan en de extremen niet op te zoeken. Dat zou mijn oproep zijn, ook hier.",3
3,"In algemene zin weet u dat ik demonstraties en hoe we met demonstraties omgaan als onderwerp heb geagendeerd. Ik vind dat we het demonstratierecht in Nederland ontzettend goed hebben georganiseerd. De Wet openbare manifestaties geeft mensen alle ruimte om de burgemeester om een locatie op een zichtbare plek te vragen. Wie er ook op het Malieveld staat en een petitie wil aanbieden, maakt niet uit. Ik ben gaarne bereid om dat te doen. Ik vind het namelijk een groot goed dat mensen hun boodschap kwijt kunnen. Tegelijkertijd worden de grenzen steeds vaker opgezocht, en wordt er gebruikgemaakt van het feit dat het demonstratierecht ook is beschermd op het moment dat de demonstratie niet is aangemeld. Dat kan, en strikt gezien klopt dat volgens de regels. Tegelijkertijd biedt dat burgemeesters enorme uitdagingen. Als ze niet weten waar demonstraties zijn, kunnen ze zich daar niet op voorbereiden. Zo kunnen er demonstraties op plekken zijn waar ze die niet willen hebben, bijvoorbeeld vanwege de doorstroom van verkeer. Mijn oproep is: hou je aan de wet. Als minister van Justitie vind ik dat geen vreemde oproep. Ik denk ook dat je hier prima kunt demonstreren wanneer je je aan de wet houdt. Dat geldt voor het aanvragen van demonstraties — dat gaat dus om de locaties — en het gedrag tijdens de demonstraties. Op het moment dat je demonstreert, moet je je aan de wet houden. Ga niet over tot gewelddadigheden of wanordelijkheden en laat iedereen in zijn waardigheid. In die context lees ik ook de brief van de NS. Niemand heeft toestemming gegeven voor demonstraties op stations. Tegelijkertijd zijn ze niet verboden. Het is dus aan de burgemeester om daar met het oog op de openbare orde een verantwoorde afweging in te maken. Dat zijn lastige afwegingen; dat heb ik u gezegd. Ik spreek veel van die burgemeesters. Ik zie dat ook als onderdeel van mijn taak, niet om die besluiten te nemen, maar wel om die dialoog aan te gaan, zo van: hoe krijgen we een gedeeld beeld van de worstelingen waar zij mee te maken hebben?","Sender: Van Weel, message: Ik ga over mijn eigen uitspraken, en daar zult u mij over horen. Ik heb me wel aangesloten bij de woorden van de burgemeester van Den Haag, de stad waar we nu zijn. Hij zei: laten we niet conflicten importeren, maar vrede exporteren. We moeten dit echt met z'n allen doen. Hoe meer wij polariseren … Alles wat wij doen, zelfs hier in dit gebouw, wordt buiten gekopieerd en gezien. Wij moeten het voorbeeld geven door de dialoog hier aan te gaan en de extremen niet op te zoeken. Dat zou mijn oproep zijn, ook hier., Sender: Bikker, message: Toch nog even terug naar de demonstraties die we gisteren zagen op de stations. Ik heb de brief van meneer Koolmees, de directeur van NS, met aandacht gelezen. Hij geeft aan dat zij al eerder bij de minister van Justitie en Veiligheid hebben aangegeven dat stations niet geschikt zijn voor demonstraties, en dat NS en ProRail geen demonstraties meer willen toestaan. Verder in de brief schrijft hij dat hij dat al eerder aan het ministerie van Justitie en Veiligheid heeft laten weten, maar dat hij nog geen reactie heeft gehad. Hoe zit dat? Worden NS en ProRail in staat gesteld om het mogelijk te maken dat die demonstraties op andere plekken worden gehouden en dat, net als hier, wordt gezegd: niet op het station, wel op het Malieveld? Kan dat zo snel mogelijk mogelijk gemaakt worden?",2
2,"Ik vind het heel goed dat de minister duidelijk benoemt dat demonstreren een grondrecht is en dat een burgemeester een zware verantwoordelijkheid heeft om het te wegen. Het verbieden van een demonstratie gaat namelijk heel ver en heeft grote impact. Maar mijn hele concrete vraag is de volgende. Ik zie dat NS worstelt met de vraag hoe men de stations goed bereikbaar houdt, ook voor noodhulp. Ik zie iedere keer dat het de burgemeester heel wat hoofdbrekens kost om dit op een fatsoenlijke manier te regelen met inachtneming van de grondrechten. Op dat moment is de minister van Justitie en Veiligheid aan zet om dat samen met die burgemeesters op een andere manier vorm te geven. We zien nu namelijk een uitholling van het demonstratierecht. Iedere keer is er een uitwas en staan wij hier allemaal te roepen ""hou hiermee op"", en daardoor wordt het demonstratierecht van goedwillende burgers steeds verder beperkt. Ik doe de minister daarom een oproep: als die brief er dan toch komt, moet het op dit punt een tandje scherper en concreter.","Sender: Bikker, message: Toch nog even terug naar de demonstraties die we gisteren zagen op de stations. Ik heb de brief van meneer Koolmees, de directeur van NS, met aandacht gelezen. Hij geeft aan dat zij al eerder bij de minister van Justitie en Veiligheid hebben aangegeven dat stations niet geschikt zijn voor demonstraties, en dat NS en ProRail geen demonstraties meer willen toestaan. Verder in de brief schrijft hij dat hij dat al eerder aan het ministerie van Justitie en Veiligheid heeft laten weten, maar dat hij nog geen reactie heeft gehad. Hoe zit dat? Worden NS en ProRail in staat gesteld om het mogelijk te maken dat die demonstraties op andere plekken worden gehouden en dat, net als hier, wordt gezegd: niet op het station, wel op het Malieveld? Kan dat zo snel mogelijk mogelijk gemaakt worden?, Sender: Van Weel, message: In algemene zin weet u dat ik demonstraties en hoe we met demonstraties omgaan als onderwerp heb geagendeerd. Ik vind dat we het demonstratierecht in Nederland ontzettend goed hebben georganiseerd. De Wet openbare manifestaties geeft mensen alle ruimte om de burgemeester om een locatie op een zichtbare plek te vragen. Wie er ook op het Malieveld staat en een petitie wil aanbieden, maakt niet uit. Ik ben gaarne bereid om dat te doen. Ik vind het namelijk een groot goed dat mensen hun boodschap kwijt kunnen. Tegelijkertijd worden de grenzen steeds vaker opgezocht, en wordt er gebruikgemaakt van het feit dat het demonstratierecht ook is beschermd op het moment dat de demonstratie niet is aangemeld. Dat kan, en strikt gezien klopt dat volgens de regels. Tegelijkertijd biedt dat burgemeesters enorme uitdagingen. Als ze niet weten waar demonstraties zijn, kunnen ze zich daar niet op voorbereiden. Zo kunnen er demonstraties op plekken zijn waar ze die niet willen hebben, bijvoorbeeld vanwege de doorstroom van verkeer. Mijn oproep is: hou je aan de wet. Als minister van Justitie vind ik dat geen vreemde oproep. Ik denk ook dat je hier prima kunt demonstreren wanneer je je aan de wet houdt. Dat geldt voor het aanvragen van demonstraties — dat gaat dus om de locaties — en het gedrag tijdens de demonstraties. Op het moment dat je demonstreert, moet je je aan de wet houden. Ga niet over tot gewelddadigheden of wanordelijkheden en laat iedereen in zijn waardigheid. In die context lees ik ook de brief van de NS. Niemand heeft toestemming gegeven voor demonstraties op stations. Tegelijkertijd zijn ze niet verboden. Het is dus aan de burgemeester om daar met het oog op de openbare orde een verantwoorde afweging in te maken. Dat zijn lastige afwegingen; dat heb ik u gezegd. Ik spreek veel van die burgemeesters. Ik zie dat ook als onderdeel van mijn taak, niet om die besluiten te nemen, maar wel om die dialoog aan te gaan, zo van: hoe krijgen we een gedeeld beeld van de worstelingen waar zij mee te maken hebben?",3
3,Ik ga die dialoog aan — dat heb ik gezegd — en daar betrek ik dit ook bij.,"Sender: Van Weel, message: In algemene zin weet u dat ik demonstraties en hoe we met demonstraties omgaan als onderwerp heb geagendeerd. Ik vind dat we het demonstratierecht in Nederland ontzettend goed hebben georganiseerd. De Wet openbare manifestaties geeft mensen alle ruimte om de burgemeester om een locatie op een zichtbare plek te vragen. Wie er ook op het Malieveld staat en een petitie wil aanbieden, maakt niet uit. Ik ben gaarne bereid om dat te doen. Ik vind het namelijk een groot goed dat mensen hun boodschap kwijt kunnen. Tegelijkertijd worden de grenzen steeds vaker opgezocht, en wordt er gebruikgemaakt van het feit dat het demonstratierecht ook is beschermd op het moment dat de demonstratie niet is aangemeld. Dat kan, en strikt gezien klopt dat volgens de regels. Tegelijkertijd biedt dat burgemeesters enorme uitdagingen. Als ze niet weten waar demonstraties zijn, kunnen ze zich daar niet op voorbereiden. Zo kunnen er demonstraties op plekken zijn waar ze die niet willen hebben, bijvoorbeeld vanwege de doorstroom van verkeer. Mijn oproep is: hou je aan de wet. Als minister van Justitie vind ik dat geen vreemde oproep. Ik denk ook dat je hier prima kunt demonstreren wanneer je je aan de wet houdt. Dat geldt voor het aanvragen van demonstraties — dat gaat dus om de locaties — en het gedrag tijdens de demonstraties. Op het moment dat je demonstreert, moet je je aan de wet houden. Ga niet over tot gewelddadigheden of wanordelijkheden en laat iedereen in zijn waardigheid. In die context lees ik ook de brief van de NS. Niemand heeft toestemming gegeven voor demonstraties op stations. Tegelijkertijd zijn ze niet verboden. Het is dus aan de burgemeester om daar met het oog op de openbare orde een verantwoorde afweging in te maken. Dat zijn lastige afwegingen; dat heb ik u gezegd. Ik spreek veel van die burgemeesters. Ik zie dat ook als onderdeel van mijn taak, niet om die besluiten te nemen, maar wel om die dialoog aan te gaan, zo van: hoe krijgen we een gedeeld beeld van de worstelingen waar zij mee te maken hebben?, Sender: Bikker, message: Ik vind het heel goed dat de minister duidelijk benoemt dat demonstreren een grondrecht is en dat een burgemeester een zware verantwoordelijkheid heeft om het te wegen. Het verbieden van een demonstratie gaat namelijk heel ver en heeft grote impact. Maar mijn hele concrete vraag is de volgende. Ik zie dat NS worstelt met de vraag hoe men de stations goed bereikbaar houdt, ook voor noodhulp. Ik zie iedere keer dat het de burgemeester heel wat hoofdbrekens kost om dit op een fatsoenlijke manier te regelen met inachtneming van de grondrechten. Op dat moment is de minister van Justitie en Veiligheid aan zet om dat samen met die burgemeesters op een andere manier vorm te geven. We zien nu namelijk een uitholling van het demonstratierecht. Iedere keer is er een uitwas en staan wij hier allemaal te roepen ""hou hiermee op"", en daardoor wordt het demonstratierecht van goedwillende burgers steeds verder beperkt. Ik doe de minister daarom een oproep: als die brief er dan toch komt, moet het op dit punt een tandje scherper en concreter.",2
4,"Ik hoor de minister elke keer spreken over dialoog en verbinding, maar hoezo moeten we een dialoog aangaan? Joden hebben toch het volste recht om in vrijheid en veiligheid in Nederland te leven? Waarom moeten we daar zogenaamd verbinding voor zoeken met elkaar? Het is toch onacceptabel wat er nu gebeurt? Ik hoor ook dat er al maatregelen worden genomen en dat het met voorrang wordt opgepakt, maar we zien daar helemaal niks van terug. Ik wil daarom heel graag van de minister weten wat er precies in die keiharde aanpak staat en in die nationale strategie antisemitismeaanpak, die binnenkort naar de Kamer komt.","Sender: Bikker, message: Ik vind het heel goed dat de minister duidelijk benoemt dat demonstreren een grondrecht is en dat een burgemeester een zware verantwoordelijkheid heeft om het te wegen. Het verbieden van een demonstratie gaat namelijk heel ver en heeft grote impact. Maar mijn hele concrete vraag is de volgende. Ik zie dat NS worstelt met de vraag hoe men de stations goed bereikbaar houdt, ook voor noodhulp. Ik zie iedere keer dat het de burgemeester heel wat hoofdbrekens kost om dit op een fatsoenlijke manier te regelen met inachtneming van de grondrechten. Op dat moment is de minister van Justitie en Veiligheid aan zet om dat samen met die burgemeesters op een andere manier vorm te geven. We zien nu namelijk een uitholling van het demonstratierecht. Iedere keer is er een uitwas en staan wij hier allemaal te roepen ""hou hiermee op"", en daardoor wordt het demonstratierecht van goedwillende burgers steeds verder beperkt. Ik doe de minister daarom een oproep: als die brief er dan toch komt, moet het op dit punt een tandje scherper en concreter., Sender: Van Weel, message: Ik ga die dialoog aan — dat heb ik gezegd — en daar betrek ik dit ook bij.",3
3,"Daar zult u al die aspecten in zien, want ja, het gaat ook om repressie. Het gaat om optreden tegen antisemitisme, en hard wat mij betreft. Vandaar die verzwaringsgrond, die al geldt voor dit soort vergrijpen. Daar moeten we tegen optreden. Tegelijkertijd is dat maar een deel van het verhaal. We zullen er toch ook met z'n allen voor moeten zorgen dat die zwijgende meerderheid gemobiliseerd wordt en dat we met z'n allen als maatschappij aangeven dat we dit niet accepteren. Dat geldt zeker in het geval van antisemitisme.","Sender: Van Weel, message: Ik ga die dialoog aan — dat heb ik gezegd — en daar betrek ik dit ook bij., Sender: Van Zanten, message: Ik hoor de minister elke keer spreken over dialoog en verbinding, maar hoezo moeten we een dialoog aangaan? Joden hebben toch het volste recht om in vrijheid en veiligheid in Nederland te leven? Waarom moeten we daar zogenaamd verbinding voor zoeken met elkaar? Het is toch onacceptabel wat er nu gebeurt? Ik hoor ook dat er al maatregelen worden genomen en dat het met voorrang wordt opgepakt, maar we zien daar helemaal niks van terug. Ik wil daarom heel graag van de minister weten wat er precies in die keiharde aanpak staat en in die nationale strategie antisemitismeaanpak, die binnenkort naar de Kamer komt.",4
1,Dank u wel. Tot zover dit onderwerp in dit vragenuurtje. Hartelijk dank aan de minister van Justitie en Veiligheid.,"Sender: Van Zanten, message: Ik hoor de minister elke keer spreken over dialoog en verbinding, maar hoezo moeten we een dialoog aangaan? Joden hebben toch het volste recht om in vrijheid en veiligheid in Nederland te leven? Waarom moeten we daar zogenaamd verbinding voor zoeken met elkaar? Het is toch onacceptabel wat er nu gebeurt? Ik hoor ook dat er al maatregelen worden genomen en dat het met voorrang wordt opgepakt, maar we zien daar helemaal niks van terug. Ik wil daarom heel graag van de minister weten wat er precies in die keiharde aanpak staat en in die nationale strategie antisemitismeaanpak, die binnenkort naar de Kamer komt., Sender: Van Weel, message: Daar zult u al die aspecten in zien, want ja, het gaat ook om repressie. Het gaat om optreden tegen antisemitisme, en hard wat mij betreft. Vandaar die verzwaringsgrond, die al geldt voor dit soort vergrijpen. Daar moeten we tegen optreden. Tegelijkertijd is dat maar een deel van het verhaal. We zullen er toch ook met z'n allen voor moeten zorgen dat die zwijgende meerderheid gemobiliseerd wordt en dat we met z'n allen als maatschappij aangeven dat we dit niet accepteren. Dat geldt zeker in het geval van antisemitisme.",24
1,Ik verwelkom de staatssecretaris van Onderwijs en ik geef graag het woord aan mevrouw Pijpelink van de fractie van GroenLinks-PvdA voor het stellen van een vraag.,"Sender: Van Weel, message: Daar zult u al die aspecten in zien, want ja, het gaat ook om repressie. Het gaat om optreden tegen antisemitisme, en hard wat mij betreft. Vandaar die verzwaringsgrond, die al geldt voor dit soort vergrijpen. Daar moeten we tegen optreden. Tegelijkertijd is dat maar een deel van het verhaal. We zullen er toch ook met z'n allen voor moeten zorgen dat die zwijgende meerderheid gemobiliseerd wordt en dat we met z'n allen als maatschappij aangeven dat we dit niet accepteren. Dat geldt zeker in het geval van antisemitisme.Sender: voorzitter, message: Dank u wel. Tot zover dit onderwerp in dit vragenuurtje. Hartelijk dank aan de minister van Justitie en Veiligheid.",17
16,"Voorzitter. Vandaag berichtte de AOb dat uit zijn onderzoek blijkt dat schoolbesturen een recordbedrag van 1 miljard euro uitgaven aan de inhuur van personeel voor onderwijs. Het primair en voortgezet onderwijs gaven vorig jaar samen ruim 1 miljard euro uit aan het inhuren van docenten en ander personeel van buiten. Dat is een stijging van 155 miljoen, oftewel 18%, ten opzichte van 2022, en dat in een tijd dat Nederland te maken heeft met een tekort aan leraren. Dat tekort is al enige jaren gaande en is voorlopig ook nog niet meteen opgelost. En wat gebeurt er ondertussen? 1 miljard euro wordt in het onderwijs uitgegeven aan de inhuur van extern personeel. Ik heb een paar vragen aan de staatssecretaris. De eerste vraag is of de staatssecretaris het met de GroenLinks-PvdA-fractie erover eens is dat dit betekent dat organisaties, zoals uitzendbureaus, aan het lerarentekort in het onderwijs verdienen, maar het in feite ook nog verergeren. De tweede vraag is — en dan stop ik even — wat de staatssecretaris hiervan vindt, maar vooral wat ze hiertegen gaat doen.","Sender: voorzitter, message: Dank u wel. Tot zover dit onderwerp in dit vragenuurtje. Hartelijk dank aan de minister van Justitie en Veiligheid. Sender: voorzitter, message: Ik verwelkom de staatssecretaris van Onderwijs en ik geef graag het woord aan mevrouw Pijpelink van de fractie van GroenLinks-PvdA voor het stellen van een vraag.",17
1,Het woord is aan de staatssecretaris.,"Sender: voorzitter, message: Ik verwelkom de staatssecretaris van Onderwijs en ik geef graag het woord aan mevrouw Pijpelink van de fractie van GroenLinks-PvdA voor het stellen van een vraag., Sender: Pijpelink, message: Voorzitter. Vandaag berichtte de AOb dat uit zijn onderzoek blijkt dat schoolbesturen een recordbedrag van 1 miljard euro uitgaven aan de inhuur van personeel voor onderwijs. Het primair en voortgezet onderwijs gaven vorig jaar samen ruim 1 miljard euro uit aan het inhuren van docenten en ander personeel van buiten. Dat is een stijging van 155 miljoen, oftewel 18%, ten opzichte van 2022, en dat in een tijd dat Nederland te maken heeft met een tekort aan leraren. Dat tekort is al enige jaren gaande en is voorlopig ook nog niet meteen opgelost. En wat gebeurt er ondertussen? 1 miljard euro wordt in het onderwijs uitgegeven aan de inhuur van extern personeel. Ik heb een paar vragen aan de staatssecretaris. De eerste vraag is of de staatssecretaris het met de GroenLinks-PvdA-fractie erover eens is dat dit betekent dat organisaties, zoals uitzendbureaus, aan het lerarentekort in het onderwijs verdienen, maar het in feite ook nog verergeren. De tweede vraag is — en dan stop ik even — wat de staatssecretaris hiervan vindt, maar vooral wat ze hiertegen gaat doen.",17
17,"Voorzitter, dank. Dank aan mevrouw Pijpelink voor deze vragen. Ik heb de cijfers inderdaad ook gelezen en niet alleen dat; wij monitoren ook wat er gebeurt op het vlak van externe inhuur. En ik vind dit geen goede ontwikkeling. Wat dat betreft vindt mevrouw Pijpelink mij aan haar zijde. Het is in de eerste plaats belangrijk dat leerlingen een vast gezicht voor de klas hebben, een goede vaste leraar. Tegelijkertijd is het ook belangrijk dat publiek geld dat wij in het onderwijs stoppen, in het onderwijs landt en niet in de zakken van commerciële bureaus. Wat doe ik eraan om dit tegen te gaan, was de vraag van mevrouw Pijpelink. Dat is in ieder geval die boodschap heel stevig uitdragen richting de werkgevers in het onderwijs. Dat ondersteun ik vervolgens door een wetsvoorstel dat nu in de maak is over strategisch hrm-beleid, shrm, dat ervoor zorgt dat goed werkgeverschap daadwerkelijk hand in hand gaat met goed personeelsbeleid van schoolbesturen. Hierin stellen we onder andere wettelijke eisen voor vaste en grotere contracten, want ik weet door mijn contacten in het onderwijsveld dat een van de redenen waarom leraren die maar kleine, vaste contracten hebben uiteindelijk bijvoorbeeld kiezen voor een zzp-positie, is dat ze het gevoel hebben dat ze aan het lijntje worden gehouden. Dat vind ik onbestaanbaar, zeker in deze tijden van tekorten. Je moet goede mensen aan je binden door vaste en grotere contracten. Dat gaan we wettelijk vastleggen. Dit is ook in lijn met de motie-Kwint/Westerveld, waar mevrouw Pijpelink ongetwijfeld van weet. Ik verwacht begin 2025 het wetsvoorstel naar de Raad van State te sturen.","Sender: Pijpelink, message: Voorzitter. Vandaag berichtte de AOb dat uit zijn onderzoek blijkt dat schoolbesturen een recordbedrag van 1 miljard euro uitgaven aan de inhuur van personeel voor onderwijs. Het primair en voortgezet onderwijs gaven vorig jaar samen ruim 1 miljard euro uit aan het inhuren van docenten en ander personeel van buiten. Dat is een stijging van 155 miljoen, oftewel 18%, ten opzichte van 2022, en dat in een tijd dat Nederland te maken heeft met een tekort aan leraren. Dat tekort is al enige jaren gaande en is voorlopig ook nog niet meteen opgelost. En wat gebeurt er ondertussen? 1 miljard euro wordt in het onderwijs uitgegeven aan de inhuur van extern personeel. Ik heb een paar vragen aan de staatssecretaris. De eerste vraag is of de staatssecretaris het met de GroenLinks-PvdA-fractie erover eens is dat dit betekent dat organisaties, zoals uitzendbureaus, aan het lerarentekort in het onderwijs verdienen, maar het in feite ook nog verergeren. De tweede vraag is — en dan stop ik even — wat de staatssecretaris hiervan vindt, maar vooral wat ze hiertegen gaat doen., Sender: voorzitter, message: Het woord is aan de staatssecretaris.",16
16,"Dank aan de staatssecretaris voor de beantwoording. Fijn dat zij het met onze fractie erover eens is dat deze commerciële manier van werken echt niet voor het onderwijs bedoeld is en ook niet oké is. Maar ik wil toch nog wel één stapje verder gaan. De staatssecretaris kijkt nu namelijk in regelgeving ook wel heel erg richting scholen. Volgens mij hebben scholen niet meer regels nodig, maar hebben scholen hulp nodig. Want ze huren natuurlijk op dit moment niet voor niets in, zou je kunnen zeggen; dat lerarentekort is er. Ik zei al: voor onze fractie is het klip-en-klaar dat deze context, deze situatie, juist bijdraagt aan het niet oplossen van het lerarentekort. Dus mijn vraag aan de staatssecretaris is: hoe gaat zij scholen hélpen? Wanneer gaat zij meer aan de andere knop draaien en dat lerarentekort oplossen?","Sender: voorzitter, message: Het woord is aan de staatssecretaris., Sender: Paul, message: Voorzitter, dank. Dank aan mevrouw Pijpelink voor deze vragen. Ik heb de cijfers inderdaad ook gelezen en niet alleen dat; wij monitoren ook wat er gebeurt op het vlak van externe inhuur. En ik vind dit geen goede ontwikkeling. Wat dat betreft vindt mevrouw Pijpelink mij aan haar zijde. Het is in de eerste plaats belangrijk dat leerlingen een vast gezicht voor de klas hebben, een goede vaste leraar. Tegelijkertijd is het ook belangrijk dat publiek geld dat wij in het onderwijs stoppen, in het onderwijs landt en niet in de zakken van commerciële bureaus. Wat doe ik eraan om dit tegen te gaan, was de vraag van mevrouw Pijpelink. Dat is in ieder geval die boodschap heel stevig uitdragen richting de werkgevers in het onderwijs. Dat ondersteun ik vervolgens door een wetsvoorstel dat nu in de maak is over strategisch hrm-beleid, shrm, dat ervoor zorgt dat goed werkgeverschap daadwerkelijk hand in hand gaat met goed personeelsbeleid van schoolbesturen. Hierin stellen we onder andere wettelijke eisen voor vaste en grotere contracten, want ik weet door mijn contacten in het onderwijsveld dat een van de redenen waarom leraren die maar kleine, vaste contracten hebben uiteindelijk bijvoorbeeld kiezen voor een zzp-positie, is dat ze het gevoel hebben dat ze aan het lijntje worden gehouden. Dat vind ik onbestaanbaar, zeker in deze tijden van tekorten. Je moet goede mensen aan je binden door vaste en grotere contracten. Dat gaan we wettelijk vastleggen. Dit is ook in lijn met de motie-Kwint/Westerveld, waar mevrouw Pijpelink ongetwijfeld van weet. Ik verwacht begin 2025 het wetsvoorstel naar de Raad van State te sturen.",17
17,"Dat is een terechte vraag. Daar spreken wij ook geregeld over. Mevrouw Pijpelink weet dat ik me dag in, dag uit echt stevig inzet om dat lerarentekort op te lossen. Dat heb ik helaas niet met één druk op de knop gefikst, maar het is een serie van maatregelen. Dat is investeren in de lerarensalarissen. Dat hebben we in de afgelopen periode gedaan en is structureel. Het gaat om het bevorderen van zijinstroom. In 2017 — dat zeg ik uit mijn hoofd — was er sprake van 500 zijinstromers en in 2023, vorig jaar, waren het er maar liefst 2.300. Daaraan blijven we dus werken. Het gaat om verlaging van de werkdruk, waardoor het vak aantrekkelijker wordt. Dat doen we onder andere door te investeren in onderwijsondersteuners, klassenassistenten. Daarnaast zijn we bezig met een groep van zo'n 200 scholen om te werken aan wat we ""meerurenmaatwerk"" noemen. Het heette eerst ""meerurenbonus"", maar door mijn gesprekken met het onderwijsveld ben ik overgestapt op zijn benaming, namelijk ""meerurenmaatwerk"". Het gaat namelijk om leraren die parttimecontracten hebben, te stimuleren om meer uren te gaan werken, bijvoorbeeld door hun meer flexibiliteit in hun rooster aan te bieden en door ervoor te zorgen dat ze een tegemoetkoming krijgen in de kinderopvang en dat soort zaken. Het gaat dus om ervoor zorgen dat het vak aantrekkelijk is en dat de randvoorwaarden op orde zijn. Volgens mij moet je daarmee beginnen. Want los van de kosten van externe inhuur en los van het negatieve aspect dat kinderen, leerlingen, steeds iemand anders voor de klas hebben, is het ook nog eens zo dat dat de werkdruk van de vaste leraren vergroot. Die tijdelijke krachten doen namelijk niet mee aan ouderavonden en mentorklassen. Ik zie die problemen. Daarom is het een combinatie van de aanpak van het lerarentekort en … Mevrouw Pijpelink zei terecht dat we niet alsmaar meer regeltjes moeten opleggen aan scholen, maar ik vind deze wettelijke eis wel heel belangrijk, dus ik ga daarmee door. Soms moet je dingen afdwingen.","Sender: Paul, message: Voorzitter, dank. Dank aan mevrouw Pijpelink voor deze vragen. Ik heb de cijfers inderdaad ook gelezen en niet alleen dat; wij monitoren ook wat er gebeurt op het vlak van externe inhuur. En ik vind dit geen goede ontwikkeling. Wat dat betreft vindt mevrouw Pijpelink mij aan haar zijde. Het is in de eerste plaats belangrijk dat leerlingen een vast gezicht voor de klas hebben, een goede vaste leraar. Tegelijkertijd is het ook belangrijk dat publiek geld dat wij in het onderwijs stoppen, in het onderwijs landt en niet in de zakken van commerciële bureaus. Wat doe ik eraan om dit tegen te gaan, was de vraag van mevrouw Pijpelink. Dat is in ieder geval die boodschap heel stevig uitdragen richting de werkgevers in het onderwijs. Dat ondersteun ik vervolgens door een wetsvoorstel dat nu in de maak is over strategisch hrm-beleid, shrm, dat ervoor zorgt dat goed werkgeverschap daadwerkelijk hand in hand gaat met goed personeelsbeleid van schoolbesturen. Hierin stellen we onder andere wettelijke eisen voor vaste en grotere contracten, want ik weet door mijn contacten in het onderwijsveld dat een van de redenen waarom leraren die maar kleine, vaste contracten hebben uiteindelijk bijvoorbeeld kiezen voor een zzp-positie, is dat ze het gevoel hebben dat ze aan het lijntje worden gehouden. Dat vind ik onbestaanbaar, zeker in deze tijden van tekorten. Je moet goede mensen aan je binden door vaste en grotere contracten. Dat gaan we wettelijk vastleggen. Dit is ook in lijn met de motie-Kwint/Westerveld, waar mevrouw Pijpelink ongetwijfeld van weet. Ik verwacht begin 2025 het wetsvoorstel naar de Raad van State te sturen., Sender: Pijpelink, message: Dank aan de staatssecretaris voor de beantwoording. Fijn dat zij het met onze fractie erover eens is dat deze commerciële manier van werken echt niet voor het onderwijs bedoeld is en ook niet oké is. Maar ik wil toch nog wel één stapje verder gaan. De staatssecretaris kijkt nu namelijk in regelgeving ook wel heel erg richting scholen. Volgens mij hebben scholen niet meer regels nodig, maar hebben scholen hulp nodig. Want ze huren natuurlijk op dit moment niet voor niets in, zou je kunnen zeggen; dat lerarentekort is er. Ik zei al: voor onze fractie is het klip-en-klaar dat deze context, deze situatie, juist bijdraagt aan het niet oplossen van het lerarentekort. Dus mijn vraag aan de staatssecretaris is: hoe gaat zij scholen hélpen? Wanneer gaat zij meer aan de andere knop draaien en dat lerarentekort oplossen?",16
16,"Ik ben heel blij deze minister ook te horen zeggen dat de inhuur van extern personeel juist de werkdruk verhoogt van personeel dat zich verbindt aan een school, dat zich verbindt aan leerlingen en dat zich verbindt aan een scholengemeenschap. Daarover zijn we het dus echt eens. Ik wil deze staatssecretaris echt aanmoedigen om deze spiraal te doorbreken. Mijn vraag is als volgt. In Noord-Brabant hebben alle vo-scholen gezegd: wij doen het niet meer; wij huren niet meer extern in. Dat hebben ze dik een jaar geleden besloten, meen ik. Sindsdien hebben tientallen docenten zich inderdaad met een contract verbonden aan de school zelf. Mijn vraag is: kent de staatssecretaris dit voorbeeld, kan zij een rol spelen in het uitrollen van dit voorbeeld in de rest van Nederland en kunnen de onderwijsregio's daar een rol in spelen?","Sender: Pijpelink, message: Dank aan de staatssecretaris voor de beantwoording. Fijn dat zij het met onze fractie erover eens is dat deze commerciële manier van werken echt niet voor het onderwijs bedoeld is en ook niet oké is. Maar ik wil toch nog wel één stapje verder gaan. De staatssecretaris kijkt nu namelijk in regelgeving ook wel heel erg richting scholen. Volgens mij hebben scholen niet meer regels nodig, maar hebben scholen hulp nodig. Want ze huren natuurlijk op dit moment niet voor niets in, zou je kunnen zeggen; dat lerarentekort is er. Ik zei al: voor onze fractie is het klip-en-klaar dat deze context, deze situatie, juist bijdraagt aan het niet oplossen van het lerarentekort. Dus mijn vraag aan de staatssecretaris is: hoe gaat zij scholen hélpen? Wanneer gaat zij meer aan de andere knop draaien en dat lerarentekort oplossen?, Sender: Paul, message: Dat is een terechte vraag. Daar spreken wij ook geregeld over. Mevrouw Pijpelink weet dat ik me dag in, dag uit echt stevig inzet om dat lerarentekort op te lossen. Dat heb ik helaas niet met één druk op de knop gefikst, maar het is een serie van maatregelen. Dat is investeren in de lerarensalarissen. Dat hebben we in de afgelopen periode gedaan en is structureel. Het gaat om het bevorderen van zijinstroom. In 2017 — dat zeg ik uit mijn hoofd — was er sprake van 500 zijinstromers en in 2023, vorig jaar, waren het er maar liefst 2.300. Daaraan blijven we dus werken. Het gaat om verlaging van de werkdruk, waardoor het vak aantrekkelijker wordt. Dat doen we onder andere door te investeren in onderwijsondersteuners, klassenassistenten. Daarnaast zijn we bezig met een groep van zo'n 200 scholen om te werken aan wat we ""meerurenmaatwerk"" noemen. Het heette eerst ""meerurenbonus"", maar door mijn gesprekken met het onderwijsveld ben ik overgestapt op zijn benaming, namelijk ""meerurenmaatwerk"". Het gaat namelijk om leraren die parttimecontracten hebben, te stimuleren om meer uren te gaan werken, bijvoorbeeld door hun meer flexibiliteit in hun rooster aan te bieden en door ervoor te zorgen dat ze een tegemoetkoming krijgen in de kinderopvang en dat soort zaken. Het gaat dus om ervoor zorgen dat het vak aantrekkelijk is en dat de randvoorwaarden op orde zijn. Volgens mij moet je daarmee beginnen. Want los van de kosten van externe inhuur en los van het negatieve aspect dat kinderen, leerlingen, steeds iemand anders voor de klas hebben, is het ook nog eens zo dat dat de werkdruk van de vaste leraren vergroot. Die tijdelijke krachten doen namelijk niet mee aan ouderavonden en mentorklassen. Ik zie die problemen. Daarom is het een combinatie van de aanpak van het lerarentekort en … Mevrouw Pijpelink zei terecht dat we niet alsmaar meer regeltjes moeten opleggen aan scholen, maar ik vind deze wettelijke eis wel heel belangrijk, dus ik ga daarmee door. Soms moet je dingen afdwingen.",17
17,"Ja, dit voorbeeld ken ik zeker. Ik ben de naam van de goede man kwijt, maar een van degenen die een leidende rol speelden bij het bewerkstelligen van deze afspraken heb ik gebeld om hem te bedanken en te feliciteren. Ik heb ook gezegd: laten we dit breder in het land uitdragen. Mevrouw Pijpelink noemt de onderwijsregio's. Ik denk dat er daar inderdaad mogelijkheden zijn. Vanuit mijn ministerie wil ik ook verder verkennen hoe je vanuit de onderwijsregio's niet alleen kunt werken aan wat die al doen, namelijk het samen opleiden van leraren en het zorgen voor begeleiding aan startende leraren, maar ook aan bijvoorbeeld het gezamenlijk opzetten van invalpools, zodat je met elkaar de gaten die onherroepelijk op allerlei plekken in formatie vallen, samen kunt oplossen zonder steeds op commerciële partijen te moeten terugvallen. Ik zou dan ook nog het volgende willen zeggen. Wat ik van schoolleiders terugkrijg, is dat er altijd wel iets van ruimte moet zijn voor tijdelijke inhuur, bijvoorbeeld in geval van ziekte of bijvoorbeeld bij vervanging wegens zwangerschap. Maar het woord zegt het al: dat moet echt tijdelijk en afgebakend zijn.","Sender: Paul, message: Dat is een terechte vraag. Daar spreken wij ook geregeld over. Mevrouw Pijpelink weet dat ik me dag in, dag uit echt stevig inzet om dat lerarentekort op te lossen. Dat heb ik helaas niet met één druk op de knop gefikst, maar het is een serie van maatregelen. Dat is investeren in de lerarensalarissen. Dat hebben we in de afgelopen periode gedaan en is structureel. Het gaat om het bevorderen van zijinstroom. In 2017 — dat zeg ik uit mijn hoofd — was er sprake van 500 zijinstromers en in 2023, vorig jaar, waren het er maar liefst 2.300. Daaraan blijven we dus werken. Het gaat om verlaging van de werkdruk, waardoor het vak aantrekkelijker wordt. Dat doen we onder andere door te investeren in onderwijsondersteuners, klassenassistenten. Daarnaast zijn we bezig met een groep van zo'n 200 scholen om te werken aan wat we ""meerurenmaatwerk"" noemen. Het heette eerst ""meerurenbonus"", maar door mijn gesprekken met het onderwijsveld ben ik overgestapt op zijn benaming, namelijk ""meerurenmaatwerk"". Het gaat namelijk om leraren die parttimecontracten hebben, te stimuleren om meer uren te gaan werken, bijvoorbeeld door hun meer flexibiliteit in hun rooster aan te bieden en door ervoor te zorgen dat ze een tegemoetkoming krijgen in de kinderopvang en dat soort zaken. Het gaat dus om ervoor zorgen dat het vak aantrekkelijk is en dat de randvoorwaarden op orde zijn. Volgens mij moet je daarmee beginnen. Want los van de kosten van externe inhuur en los van het negatieve aspect dat kinderen, leerlingen, steeds iemand anders voor de klas hebben, is het ook nog eens zo dat dat de werkdruk van de vaste leraren vergroot. Die tijdelijke krachten doen namelijk niet mee aan ouderavonden en mentorklassen. Ik zie die problemen. Daarom is het een combinatie van de aanpak van het lerarentekort en … Mevrouw Pijpelink zei terecht dat we niet alsmaar meer regeltjes moeten opleggen aan scholen, maar ik vind deze wettelijke eis wel heel belangrijk, dus ik ga daarmee door. Soms moet je dingen afdwingen., Sender: Pijpelink, message: Ik ben heel blij deze minister ook te horen zeggen dat de inhuur van extern personeel juist de werkdruk verhoogt van personeel dat zich verbindt aan een school, dat zich verbindt aan leerlingen en dat zich verbindt aan een scholengemeenschap. Daarover zijn we het dus echt eens. Ik wil deze staatssecretaris echt aanmoedigen om deze spiraal te doorbreken. Mijn vraag is als volgt. In Noord-Brabant hebben alle vo-scholen gezegd: wij doen het niet meer; wij huren niet meer extern in. Dat hebben ze dik een jaar geleden besloten, meen ik. Sindsdien hebben tientallen docenten zich inderdaad met een contract verbonden aan de school zelf. Mijn vraag is: kent de staatssecretaris dit voorbeeld, kan zij een rol spelen in het uitrollen van dit voorbeeld in de rest van Nederland en kunnen de onderwijsregio's daar een rol in spelen?",16
16,"Dank ook weer voor deze reactie. Ik ken deze staatssecretaris inmiddels goed genoeg om te weten hoe dit haar ook aan het hart gaat. Juist met de bezuinigingen van 0,5 miljard op het funderend onderwijs in de begroting die we eind november gaan behandelen, is het wel heel, heel, heel zuur dat er nu 1 miljard naar commerciële bureaus gaat. Ik hoop echt dat de staatssecretaris zich er keihard voor gaat inzetten om die beweging tegen te gaan.","Sender: Pijpelink, message: Ik ben heel blij deze minister ook te horen zeggen dat de inhuur van extern personeel juist de werkdruk verhoogt van personeel dat zich verbindt aan een school, dat zich verbindt aan leerlingen en dat zich verbindt aan een scholengemeenschap. Daarover zijn we het dus echt eens. Ik wil deze staatssecretaris echt aanmoedigen om deze spiraal te doorbreken. Mijn vraag is als volgt. In Noord-Brabant hebben alle vo-scholen gezegd: wij doen het niet meer; wij huren niet meer extern in. Dat hebben ze dik een jaar geleden besloten, meen ik. Sindsdien hebben tientallen docenten zich inderdaad met een contract verbonden aan de school zelf. Mijn vraag is: kent de staatssecretaris dit voorbeeld, kan zij een rol spelen in het uitrollen van dit voorbeeld in de rest van Nederland en kunnen de onderwijsregio's daar een rol in spelen?, Sender: Paul, message: Ja, dit voorbeeld ken ik zeker. Ik ben de naam van de goede man kwijt, maar een van degenen die een leidende rol speelden bij het bewerkstelligen van deze afspraken heb ik gebeld om hem te bedanken en te feliciteren. Ik heb ook gezegd: laten we dit breder in het land uitdragen. Mevrouw Pijpelink noemt de onderwijsregio's. Ik denk dat er daar inderdaad mogelijkheden zijn. Vanuit mijn ministerie wil ik ook verder verkennen hoe je vanuit de onderwijsregio's niet alleen kunt werken aan wat die al doen, namelijk het samen opleiden van leraren en het zorgen voor begeleiding aan startende leraren, maar ook aan bijvoorbeeld het gezamenlijk opzetten van invalpools, zodat je met elkaar de gaten die onherroepelijk op allerlei plekken in formatie vallen, samen kunt oplossen zonder steeds op commerciële partijen te moeten terugvallen. Ik zou dan ook nog het volgende willen zeggen. Wat ik van schoolleiders terugkrijg, is dat er altijd wel iets van ruimte moet zijn voor tijdelijke inhuur, bijvoorbeeld in geval van ziekte of bijvoorbeeld bij vervanging wegens zwangerschap. Maar het woord zegt het al: dat moet echt tijdelijk en afgebakend zijn.",17
17,"Dat blijf ik doen, ja.","Sender: Paul, message: Ja, dit voorbeeld ken ik zeker. Ik ben de naam van de goede man kwijt, maar een van degenen die een leidende rol speelden bij het bewerkstelligen van deze afspraken heb ik gebeld om hem te bedanken en te feliciteren. Ik heb ook gezegd: laten we dit breder in het land uitdragen. Mevrouw Pijpelink noemt de onderwijsregio's. Ik denk dat er daar inderdaad mogelijkheden zijn. Vanuit mijn ministerie wil ik ook verder verkennen hoe je vanuit de onderwijsregio's niet alleen kunt werken aan wat die al doen, namelijk het samen opleiden van leraren en het zorgen voor begeleiding aan startende leraren, maar ook aan bijvoorbeeld het gezamenlijk opzetten van invalpools, zodat je met elkaar de gaten die onherroepelijk op allerlei plekken in formatie vallen, samen kunt oplossen zonder steeds op commerciële partijen te moeten terugvallen. Ik zou dan ook nog het volgende willen zeggen. Wat ik van schoolleiders terugkrijg, is dat er altijd wel iets van ruimte moet zijn voor tijdelijke inhuur, bijvoorbeeld in geval van ziekte of bijvoorbeeld bij vervanging wegens zwangerschap. Maar het woord zegt het al: dat moet echt tijdelijk en afgebakend zijn., Sender: Pijpelink, message: Dank ook weer voor deze reactie. Ik ken deze staatssecretaris inmiddels goed genoeg om te weten hoe dit haar ook aan het hart gaat. Juist met de bezuinigingen van 0,5 miljard op het funderend onderwijs in de begroting die we eind november gaan behandelen, is het wel heel, heel, heel zuur dat er nu 1 miljard naar commerciële bureaus gaat. Ik hoop echt dat de staatssecretaris zich er keihard voor gaat inzetten om die beweging tegen te gaan.",16
18,"Op dit moment hebben wij 200.000 fte aan leraren op 2 miljoen leerlingen. Kortom, we zouden klassen kunnen hebben van maar tien kinderen per leraar, maar dat is helaas niet het geval. We zien namelijk dat heel veel leraren uit het onderwijs en uit de klas zijn gestroomd en in de grote schil rondom het onderwijs werkzaam zijn. Ondertussen gaat het heel slecht met de onderwijskwaliteit, wachten we nog steeds op een herstelplan van dit kabinet en wordt de grootste onderwijsbezuiniging van deze eeuw doorgevoerd. Mijn vraag is dus: wat gaat deze minister eraan doen om te zorgen dat we al die mensen met een lesbevoegdheid weer voor de klas krijgen? Dan wil ik niet alleen horen wie ze gaat bedanken en feliciteren voor de goede initiatieven, maar ook wat zij daar zelf aan gaat doen.","Sender: Pijpelink, message: Dank ook weer voor deze reactie. Ik ken deze staatssecretaris inmiddels goed genoeg om te weten hoe dit haar ook aan het hart gaat. Juist met de bezuinigingen van 0,5 miljard op het funderend onderwijs in de begroting die we eind november gaan behandelen, is het wel heel, heel, heel zuur dat er nu 1 miljard naar commerciële bureaus gaat. Ik hoop echt dat de staatssecretaris zich er keihard voor gaat inzetten om die beweging tegen te gaan., Sender: Paul, message: Dat blijf ik doen, ja.",17
17,"Ik heb net een aantal maatregelen genoemd waarmee ik in ieder geval wil zorgen dat externe inhuur wordt ontmoedigd. Een ander punt is dat ik werk aan het aantrekkelijker maken van het vak en het ervoor zorgen — dat is in de afgelopen periode gebeurd en dat wordt doorgezet — dat de salarissen op orde zijn en dat de werkdruk omlaag wordt gebracht. Er wordt ook naar gekeken — dat heb ik net niet genoemd — dat de lerarenopleidingen zo goed aansluiten bij de praktijk dat het aantrekkelijker wordt om een lerarenopleiding te gaan doen. De zijinstroom wordt bevorderd. Het meerurenmaatwerk wordt verder doorgetrokken, zodat mensen die meer kunnen en willen werken ook meer gaan werken, waardoor ze collega's ontlasten. Dat is een heel pakket aan maatregelen waar we volgens mij al voortvarend mee aan de slag zijn en dat ik wil doorzetten. Ik zie mevrouw Rooderkerk weglopen, maar ik heb nog één punt over het pakken van het potentieel: hoe kun je de stille reserve aanboren? Dat is dus ten eerste door deze maatregelen, waardoor mensen die allemaal een warm kloppend onderwijshart hebben maar om allerlei heel uiteenlopende redenen uit het onderwijs zijn gestapt, hopelijk onder deze condities terug willen gaan. Ik weet vanuit mijn gesprekken met onderwijsregio's dat zij ook heel bewust gesprekken voeren en hun netwerk aanboren van mensen die vertrokken zijn maar die ze weer terug weten te halen. Daar zijn hele mooie voorbeelden van. Misschien zou je het liefst een grote mailing willen sturen en iedereen benaderen die daarvoor in aanmerking komt. Daar hebben we ook weleens met de Kamer over gesproken, maar er zijn belemmeringen, onder andere op het gebied van de AVG. Wat we bijvoorbeeld doen, is meeliften in mailings van de pensioenfondsen, omdat die ook naar oud-leraren toe gaan. In die mailings doen we ook echt concreet een oproep in de zin van: kom terug naar dat fijne onderwijs. Dat is een van de manieren die we ook aanwenden. Ik zal blijven kijken naar creatieve en innovatieve manieren om dat te doen om mensen terug te winnen voor het onderwijs. Ik ga daar ook heel graag met de Kamer over in gesprek, zeker wanneer we het later dit jaar of begin volgend jaar over de lerarenstrategie gaan hebben.","Sender: Paul, message: Dat blijf ik doen, ja., Sender: Rooderkerk, message: Op dit moment hebben wij 200.000 fte aan leraren op 2 miljoen leerlingen. Kortom, we zouden klassen kunnen hebben van maar tien kinderen per leraar, maar dat is helaas niet het geval. We zien namelijk dat heel veel leraren uit het onderwijs en uit de klas zijn gestroomd en in de grote schil rondom het onderwijs werkzaam zijn. Ondertussen gaat het heel slecht met de onderwijskwaliteit, wachten we nog steeds op een herstelplan van dit kabinet en wordt de grootste onderwijsbezuiniging van deze eeuw doorgevoerd. Mijn vraag is dus: wat gaat deze minister eraan doen om te zorgen dat we al die mensen met een lesbevoegdheid weer voor de klas krijgen? Dan wil ik niet alleen horen wie ze gaat bedanken en feliciteren voor de goede initiatieven, maar ook wat zij daar zelf aan gaat doen.",18
19,"We lezen vandaag dus het bericht over de externe inhuur, die de pan uit rijst, maar nog niet zo lang geleden lazen we berichten dat de cao-onderhandelingen van het voortgezet onderwijs zijn stukgelopen. Die onderhandelingen gaan over de toegenomen lasten, over taken, over verantwoordelijkheden en over heel veel dingen die verzwaard zijn en die onherroepelijk ook leiden tot een groter docententekort en dus ook tot een grotere externe inhuur. Niet voor niks heeft de fractie van Nieuw Sociaal Contract een motie ingediend over bijvoorbeeld de klassengrootte, die nog steeds boven de markt hangt, maar ook een motie over de lesurennorm, die is aangenomen. In het licht van die stukgelopen cao-onderhandelingen en die motie over de lessennorm wil ik de vraag stellen aan de staatssecretaris waaruit de inspanning heeft bestaan om de maximumlesurennorm te realiseren waar die motie toe oproept. Ik begrijp dat er nu misschien te weinig tijd is om daarop in te gaan, dus ik vraag wellicht ook nog een schriftelijke toelichting later, maar nu een mondelinge.","Sender: Rooderkerk, message: Op dit moment hebben wij 200.000 fte aan leraren op 2 miljoen leerlingen. Kortom, we zouden klassen kunnen hebben van maar tien kinderen per leraar, maar dat is helaas niet het geval. We zien namelijk dat heel veel leraren uit het onderwijs en uit de klas zijn gestroomd en in de grote schil rondom het onderwijs werkzaam zijn. Ondertussen gaat het heel slecht met de onderwijskwaliteit, wachten we nog steeds op een herstelplan van dit kabinet en wordt de grootste onderwijsbezuiniging van deze eeuw doorgevoerd. Mijn vraag is dus: wat gaat deze minister eraan doen om te zorgen dat we al die mensen met een lesbevoegdheid weer voor de klas krijgen? Dan wil ik niet alleen horen wie ze gaat bedanken en feliciteren voor de goede initiatieven, maar ook wat zij daar zelf aan gaat doen., Sender: Paul, message: Ik heb net een aantal maatregelen genoemd waarmee ik in ieder geval wil zorgen dat externe inhuur wordt ontmoedigd. Een ander punt is dat ik werk aan het aantrekkelijker maken van het vak en het ervoor zorgen — dat is in de afgelopen periode gebeurd en dat wordt doorgezet — dat de salarissen op orde zijn en dat de werkdruk omlaag wordt gebracht. Er wordt ook naar gekeken — dat heb ik net niet genoemd — dat de lerarenopleidingen zo goed aansluiten bij de praktijk dat het aantrekkelijker wordt om een lerarenopleiding te gaan doen. De zijinstroom wordt bevorderd. Het meerurenmaatwerk wordt verder doorgetrokken, zodat mensen die meer kunnen en willen werken ook meer gaan werken, waardoor ze collega's ontlasten. Dat is een heel pakket aan maatregelen waar we volgens mij al voortvarend mee aan de slag zijn en dat ik wil doorzetten. Ik zie mevrouw Rooderkerk weglopen, maar ik heb nog één punt over het pakken van het potentieel: hoe kun je de stille reserve aanboren? Dat is dus ten eerste door deze maatregelen, waardoor mensen die allemaal een warm kloppend onderwijshart hebben maar om allerlei heel uiteenlopende redenen uit het onderwijs zijn gestapt, hopelijk onder deze condities terug willen gaan. Ik weet vanuit mijn gesprekken met onderwijsregio's dat zij ook heel bewust gesprekken voeren en hun netwerk aanboren van mensen die vertrokken zijn maar die ze weer terug weten te halen. Daar zijn hele mooie voorbeelden van. Misschien zou je het liefst een grote mailing willen sturen en iedereen benaderen die daarvoor in aanmerking komt. Daar hebben we ook weleens met de Kamer over gesproken, maar er zijn belemmeringen, onder andere op het gebied van de AVG. Wat we bijvoorbeeld doen, is meeliften in mailings van de pensioenfondsen, omdat die ook naar oud-leraren toe gaan. In die mailings doen we ook echt concreet een oproep in de zin van: kom terug naar dat fijne onderwijs. Dat is een van de manieren die we ook aanwenden. Ik zal blijven kijken naar creatieve en innovatieve manieren om dat te doen om mensen terug te winnen voor het onderwijs. Ik ga daar ook heel graag met de Kamer over in gesprek, zeker wanneer we het later dit jaar of begin volgend jaar over de lerarenstrategie gaan hebben.",17
1,Hier volgt alvast mijn schriftelijke toelichting: u heeft maar 30 seconden en u heeft uw tijd bijna verdubbeld. De staatssecretaris.,"Sender: Paul, message: Ik heb net een aantal maatregelen genoemd waarmee ik in ieder geval wil zorgen dat externe inhuur wordt ontmoedigd. Een ander punt is dat ik werk aan het aantrekkelijker maken van het vak en het ervoor zorgen — dat is in de afgelopen periode gebeurd en dat wordt doorgezet — dat de salarissen op orde zijn en dat de werkdruk omlaag wordt gebracht. Er wordt ook naar gekeken — dat heb ik net niet genoemd — dat de lerarenopleidingen zo goed aansluiten bij de praktijk dat het aantrekkelijker wordt om een lerarenopleiding te gaan doen. De zijinstroom wordt bevorderd. Het meerurenmaatwerk wordt verder doorgetrokken, zodat mensen die meer kunnen en willen werken ook meer gaan werken, waardoor ze collega's ontlasten. Dat is een heel pakket aan maatregelen waar we volgens mij al voortvarend mee aan de slag zijn en dat ik wil doorzetten. Ik zie mevrouw Rooderkerk weglopen, maar ik heb nog één punt over het pakken van het potentieel: hoe kun je de stille reserve aanboren? Dat is dus ten eerste door deze maatregelen, waardoor mensen die allemaal een warm kloppend onderwijshart hebben maar om allerlei heel uiteenlopende redenen uit het onderwijs zijn gestapt, hopelijk onder deze condities terug willen gaan. Ik weet vanuit mijn gesprekken met onderwijsregio's dat zij ook heel bewust gesprekken voeren en hun netwerk aanboren van mensen die vertrokken zijn maar die ze weer terug weten te halen. Daar zijn hele mooie voorbeelden van. Misschien zou je het liefst een grote mailing willen sturen en iedereen benaderen die daarvoor in aanmerking komt. Daar hebben we ook weleens met de Kamer over gesproken, maar er zijn belemmeringen, onder andere op het gebied van de AVG. Wat we bijvoorbeeld doen, is meeliften in mailings van de pensioenfondsen, omdat die ook naar oud-leraren toe gaan. In die mailings doen we ook echt concreet een oproep in de zin van: kom terug naar dat fijne onderwijs. Dat is een van de manieren die we ook aanwenden. Ik zal blijven kijken naar creatieve en innovatieve manieren om dat te doen om mensen terug te winnen voor het onderwijs. Ik ga daar ook heel graag met de Kamer over in gesprek, zeker wanneer we het later dit jaar of begin volgend jaar over de lerarenstrategie gaan hebben., Sender: Soepboer, message: We lezen vandaag dus het bericht over de externe inhuur, die de pan uit rijst, maar nog niet zo lang geleden lazen we berichten dat de cao-onderhandelingen van het voortgezet onderwijs zijn stukgelopen. Die onderhandelingen gaan over de toegenomen lasten, over taken, over verantwoordelijkheden en over heel veel dingen die verzwaard zijn en die onherroepelijk ook leiden tot een groter docententekort en dus ook tot een grotere externe inhuur. Niet voor niks heeft de fractie van Nieuw Sociaal Contract een motie ingediend over bijvoorbeeld de klassengrootte, die nog steeds boven de markt hangt, maar ook een motie over de lesurennorm, die is aangenomen. In het licht van die stukgelopen cao-onderhandelingen en die motie over de lessennorm wil ik de vraag stellen aan de staatssecretaris waaruit de inspanning heeft bestaan om de maximumlesurennorm te realiseren waar die motie toe oproept. Ik begrijp dat er nu misschien te weinig tijd is om daarop in te gaan, dus ik vraag wellicht ook nog een schriftelijke toelichting later, maar nu een mondelinge.",19
17,De heer Soepboer overvraagt me een beetje. Ik heb dat niet paraat. Ik kom daar graag op terug via een brief.,"Sender: Soepboer, message: We lezen vandaag dus het bericht over de externe inhuur, die de pan uit rijst, maar nog niet zo lang geleden lazen we berichten dat de cao-onderhandelingen van het voortgezet onderwijs zijn stukgelopen. Die onderhandelingen gaan over de toegenomen lasten, over taken, over verantwoordelijkheden en over heel veel dingen die verzwaard zijn en die onherroepelijk ook leiden tot een groter docententekort en dus ook tot een grotere externe inhuur. Niet voor niks heeft de fractie van Nieuw Sociaal Contract een motie ingediend over bijvoorbeeld de klassengrootte, die nog steeds boven de markt hangt, maar ook een motie over de lesurennorm, die is aangenomen. In het licht van die stukgelopen cao-onderhandelingen en die motie over de lessennorm wil ik de vraag stellen aan de staatssecretaris waaruit de inspanning heeft bestaan om de maximumlesurennorm te realiseren waar die motie toe oproept. Ik begrijp dat er nu misschien te weinig tijd is om daarop in te gaan, dus ik vraag wellicht ook nog een schriftelijke toelichting later, maar nu een mondelinge., Sender: voorzitter, message: Hier volgt alvast mijn schriftelijke toelichting: u heeft maar 30 seconden en u heeft uw tijd bijna verdubbeld. De staatssecretaris.",19
1,"Prima. De heer Uppelschoten, PVV.","Sender: voorzitter, message: Hier volgt alvast mijn schriftelijke toelichting: u heeft maar 30 seconden en u heeft uw tijd bijna verdubbeld. De staatssecretaris., Sender: Paul, message: De heer Soepboer overvraagt me een beetje. Ik heb dat niet paraat. Ik kom daar graag op terug via een brief.",17
20,"Hoe rechtvaardigt u dat commerciële bureaus zoals Maandag en Randstad nu structureel miljoenen verdienen aan publiek onderwijsgeld door die docenten direct een vaste aanvulling en een hoger salaris te geven? Het probleem is vaak dat de scholen dat zelf blijkbaar niet kunnen bieden. Er gaat meer geld naar dure mensen die ingehuurd worden. Dat leidt er uiteindelijk toe dat er minder docenten aangesteld kunnen worden, omdat degenen die ingehuurd worden veel duurder zijn dan het zittende personeel. Hoe denkt u dat u daar iets aan kan doen?","Sender: Paul, message: De heer Soepboer overvraagt me een beetje. Ik heb dat niet paraat. Ik kom daar graag op terug via een brief., Sender: voorzitter, message: Prima. De heer Uppelschoten, PVV.",17
17,"Ik vind het heel belangrijk om in ieder geval paal en perk te stellen aan die externe inhuur. Dat ga ik onder andere doen door middel van een wetsvoorstel over strategisch hrm-beleid. Daarin wordt echt een plafond gezet van maximaal 2% externe inhuur waar het gaat om leraren. Vervolgens is het belangrijk dat schoolbesturen ervoor zorgen dat ze optreden als goed werkgever. Dankzij dat wetsvoorstel gaan we ook afdwingen dat er sneller een vast contract wordt aangeboden. Daarnaast investeren we als overheid in de lerarensalarissen en in werkdrukverlaging, doordat er middelen zijn vrijgekomen om klassenassistenten of onderwijsassistenten in te huren. Dat hebben we gedaan en dat is een structureel verhaal. Het is een heel pakket aan maatregelen. Het zijn niet alleen commerciële bureaus, het zijn soms ook zelfstandigen die er heel bewust voor kiezen om als zzp'er aan de slag te gaan. Daar kan ik van alles van vinden, maar dat is uiteindelijk ook hun goed recht.","Sender: voorzitter, message: Prima. De heer Uppelschoten, PVV., Sender: Uppelschoten, message: Hoe rechtvaardigt u dat commerciële bureaus zoals Maandag en Randstad nu structureel miljoenen verdienen aan publiek onderwijsgeld door die docenten direct een vaste aanvulling en een hoger salaris te geven? Het probleem is vaak dat de scholen dat zelf blijkbaar niet kunnen bieden. Er gaat meer geld naar dure mensen die ingehuurd worden. Dat leidt er uiteindelijk toe dat er minder docenten aangesteld kunnen worden, omdat degenen die ingehuurd worden veel duurder zijn dan het zittende personeel. Hoe denkt u dat u daar iets aan kan doen?",20
21,Wat moeten onze leerlingen zonder leerkrachten? Het kan toch niet zo zijn dat wij straks lege klassen hebben als wij zzp'ers gaan verbieden? Mijn vraag aan de staatssecretaris is dan ook: hoe kan zij deze flexibele schil behouden en zorgen dat de scholen tegelijkertijd interessant worden als werkgever voor bijvoorbeeld zijinstromers?,"Sender: Uppelschoten, message: Hoe rechtvaardigt u dat commerciële bureaus zoals Maandag en Randstad nu structureel miljoenen verdienen aan publiek onderwijsgeld door die docenten direct een vaste aanvulling en een hoger salaris te geven? Het probleem is vaak dat de scholen dat zelf blijkbaar niet kunnen bieden. Er gaat meer geld naar dure mensen die ingehuurd worden. Dat leidt er uiteindelijk toe dat er minder docenten aangesteld kunnen worden, omdat degenen die ingehuurd worden veel duurder zijn dan het zittende personeel. Hoe denkt u dat u daar iets aan kan doen?, Sender: Paul, message: Ik vind het heel belangrijk om in ieder geval paal en perk te stellen aan die externe inhuur. Dat ga ik onder andere doen door middel van een wetsvoorstel over strategisch hrm-beleid. Daarin wordt echt een plafond gezet van maximaal 2% externe inhuur waar het gaat om leraren. Vervolgens is het belangrijk dat schoolbesturen ervoor zorgen dat ze optreden als goed werkgever. Dankzij dat wetsvoorstel gaan we ook afdwingen dat er sneller een vast contract wordt aangeboden. Daarnaast investeren we als overheid in de lerarensalarissen en in werkdrukverlaging, doordat er middelen zijn vrijgekomen om klassenassistenten of onderwijsassistenten in te huren. Dat hebben we gedaan en dat is een structureel verhaal. Het is een heel pakket aan maatregelen. Het zijn niet alleen commerciële bureaus, het zijn soms ook zelfstandigen die er heel bewust voor kiezen om als zzp'er aan de slag te gaan. Daar kan ik van alles van vinden, maar dat is uiteindelijk ook hun goed recht.",17
17,"Kijk, het bevorderen van de zijinstroom is een van mijn speerpunten bij de aanpak van het lerarentekort. Daarnaast is er het investeren in salarissen, het verlagen van de werkdruk en aan de voorkant zorgen dat de lerarenopleidingen beter aansluiten op wat leraren in de dagelijkse praktijk nodig hebben. Zo is er een heel pakket van maatregelen. De heer Kisteman zegt terecht dat scholen iets van ruimte moeten hebben, of een flexibele schil voor als een leraar ziek is of met zwangerschapsverlof gaat. Maar ik vind dat die echt binnen bepaalde normen moet blijven. Ik noemde net die 2%. Dat is een maximum voor de inhuur van externe leerkrachten. Dat is een manier om ervoor te zorgen dat je wel iets van een flexibele schil hebt, maar dat het niet de spuigaten uit loopt, zoals nu op sommige plekken het geval is. Daarnaast vind ik het heel interessant en belangrijk om verdergaande samenwerking binnen de onderwijsregio's te verkennen, zoals mevrouw Pijpelink ook al even aanstipte. Dan zou je een pool van invalkrachten kunnen opzetten waaruit scholen kunnen putten.","Sender: Paul, message: Ik vind het heel belangrijk om in ieder geval paal en perk te stellen aan die externe inhuur. Dat ga ik onder andere doen door middel van een wetsvoorstel over strategisch hrm-beleid. Daarin wordt echt een plafond gezet van maximaal 2% externe inhuur waar het gaat om leraren. Vervolgens is het belangrijk dat schoolbesturen ervoor zorgen dat ze optreden als goed werkgever. Dankzij dat wetsvoorstel gaan we ook afdwingen dat er sneller een vast contract wordt aangeboden. Daarnaast investeren we als overheid in de lerarensalarissen en in werkdrukverlaging, doordat er middelen zijn vrijgekomen om klassenassistenten of onderwijsassistenten in te huren. Dat hebben we gedaan en dat is een structureel verhaal. Het is een heel pakket aan maatregelen. Het zijn niet alleen commerciële bureaus, het zijn soms ook zelfstandigen die er heel bewust voor kiezen om als zzp'er aan de slag te gaan. Daar kan ik van alles van vinden, maar dat is uiteindelijk ook hun goed recht., Sender: Kisteman, message: Wat moeten onze leerlingen zonder leerkrachten? Het kan toch niet zo zijn dat wij straks lege klassen hebben als wij zzp'ers gaan verbieden? Mijn vraag aan de staatssecretaris is dan ook: hoe kan zij deze flexibele schil behouden en zorgen dat de scholen tegelijkertijd interessant worden als werkgever voor bijvoorbeeld zijinstromers?",21
22,"Het nieuws is dat bijna 1 miljard aan onderwijsgeld naar externe inhuur gaat. Dit is een totale waanzin van commercialisering en oplopende prijzen door marktwerking. Ik hoor de minister in dit vragenuur een aantal keer zeggen dat ze een wetswijziging in gedachten heeft en dat die in 2025 komt. Wat gaat zij in die tussentijd doen? We zien namelijk nu in die geklapte cao-onderhandelingen voor het voortgezet onderwijs dat werkdruk op één, twee en drie staat. Heel veel leraren dreigen om te vallen. Dan is het makkelijker om naar zo'n commercieel bureau te gaan omdat je dan minder hoeft te doen. Het is echter wel slecht voor de leraren en voor het onderwijs zelf. Wat wil de minister tot 2025 doen? Ik vraag dat zeker ook in het licht van die stukgelopen cao-onderhandelingen.","Sender: Kisteman, message: Wat moeten onze leerlingen zonder leerkrachten? Het kan toch niet zo zijn dat wij straks lege klassen hebben als wij zzp'ers gaan verbieden? Mijn vraag aan de staatssecretaris is dan ook: hoe kan zij deze flexibele schil behouden en zorgen dat de scholen tegelijkertijd interessant worden als werkgever voor bijvoorbeeld zijinstromers?, Sender: Paul, message: Kijk, het bevorderen van de zijinstroom is een van mijn speerpunten bij de aanpak van het lerarentekort. Daarnaast is er het investeren in salarissen, het verlagen van de werkdruk en aan de voorkant zorgen dat de lerarenopleidingen beter aansluiten op wat leraren in de dagelijkse praktijk nodig hebben. Zo is er een heel pakket van maatregelen. De heer Kisteman zegt terecht dat scholen iets van ruimte moeten hebben, of een flexibele schil voor als een leraar ziek is of met zwangerschapsverlof gaat. Maar ik vind dat die echt binnen bepaalde normen moet blijven. Ik noemde net die 2%. Dat is een maximum voor de inhuur van externe leerkrachten. Dat is een manier om ervoor te zorgen dat je wel iets van een flexibele schil hebt, maar dat het niet de spuigaten uit loopt, zoals nu op sommige plekken het geval is. Daarnaast vind ik het heel interessant en belangrijk om verdergaande samenwerking binnen de onderwijsregio's te verkennen, zoals mevrouw Pijpelink ook al even aanstipte. Dan zou je een pool van invalkrachten kunnen opzetten waaruit scholen kunnen putten.",17
17,Even voor de goede orde: het is al bijna 2025. In de tussentijd blijf ik echter doen wat ik in de afgelopen periode ook heb gedaan. Dat is in gesprek blijven met de schoolbesturen om hen te stimuleren en aan te zetten tot goed werkgeverschap. Ik ben het namelijk met mevrouw Beckerman eens dat het onbestaanbaar is dat je in tijden van zulke grote tekorten mensen aan het lijntje houdt en dat je geen vaste contracten biedt wanneer iemand gewoon goed functioneert. De motie-Kwint staat mij ook helder voor de geest. Die ging over het aanbieden van een vast contract. Dat moet gewoon veel sneller gebeuren en dat betrek ik ook bij dat wetsvoorstel. Het is niet zo dat we ergens in een ivoren torentje aan een wetsvoorstel werken en voor de rest geen contact hebben en geen druk uitoefenen om een bepaalde beweging tot stand te brengen. Ik ben daar echt dagelijks mee bezig.,"Sender: Paul, message: Kijk, het bevorderen van de zijinstroom is een van mijn speerpunten bij de aanpak van het lerarentekort. Daarnaast is er het investeren in salarissen, het verlagen van de werkdruk en aan de voorkant zorgen dat de lerarenopleidingen beter aansluiten op wat leraren in de dagelijkse praktijk nodig hebben. Zo is er een heel pakket van maatregelen. De heer Kisteman zegt terecht dat scholen iets van ruimte moeten hebben, of een flexibele schil voor als een leraar ziek is of met zwangerschapsverlof gaat. Maar ik vind dat die echt binnen bepaalde normen moet blijven. Ik noemde net die 2%. Dat is een maximum voor de inhuur van externe leerkrachten. Dat is een manier om ervoor te zorgen dat je wel iets van een flexibele schil hebt, maar dat het niet de spuigaten uit loopt, zoals nu op sommige plekken het geval is. Daarnaast vind ik het heel interessant en belangrijk om verdergaande samenwerking binnen de onderwijsregio's te verkennen, zoals mevrouw Pijpelink ook al even aanstipte. Dan zou je een pool van invalkrachten kunnen opzetten waaruit scholen kunnen putten., Sender: Beckerman, message: Het nieuws is dat bijna 1 miljard aan onderwijsgeld naar externe inhuur gaat. Dit is een totale waanzin van commercialisering en oplopende prijzen door marktwerking. Ik hoor de minister in dit vragenuur een aantal keer zeggen dat ze een wetswijziging in gedachten heeft en dat die in 2025 komt. Wat gaat zij in die tussentijd doen? We zien namelijk nu in die geklapte cao-onderhandelingen voor het voortgezet onderwijs dat werkdruk op één, twee en drie staat. Heel veel leraren dreigen om te vallen. Dan is het makkelijker om naar zo'n commercieel bureau te gaan omdat je dan minder hoeft te doen. Het is echter wel slecht voor de leraren en voor het onderwijs zelf. Wat wil de minister tot 2025 doen? Ik vraag dat zeker ook in het licht van die stukgelopen cao-onderhandelingen.",22
23,"Dit probleem van de externe inhuur wordt natuurlijk veroorzaakt door de schoolbesturen, die ook al adviseurs inhuren. Zoals u weet, is er is heel veel kritiek op die schoolbesturen, bijvoorbeeld van Beter Onderwijs Nederland. Die vereniging zegt dat de schoolbesturen aan niks en niemand verantwoording schuldig zijn. Daarom is mijn vraag aan de minister de volgende, ook gezien dit probleem. Zou het niet, zoals Beter Onderwijs Nederland zegt, wellicht verstandig zijn om zeker die grote schoolbesturen te ontmantelen of om op z'n minst een maximumgrens te stellen aan het aantal scholen dat onder een schoolbestuur kan vallen?","Sender: Beckerman, message: Het nieuws is dat bijna 1 miljard aan onderwijsgeld naar externe inhuur gaat. Dit is een totale waanzin van commercialisering en oplopende prijzen door marktwerking. Ik hoor de minister in dit vragenuur een aantal keer zeggen dat ze een wetswijziging in gedachten heeft en dat die in 2025 komt. Wat gaat zij in die tussentijd doen? We zien namelijk nu in die geklapte cao-onderhandelingen voor het voortgezet onderwijs dat werkdruk op één, twee en drie staat. Heel veel leraren dreigen om te vallen. Dan is het makkelijker om naar zo'n commercieel bureau te gaan omdat je dan minder hoeft te doen. Het is echter wel slecht voor de leraren en voor het onderwijs zelf. Wat wil de minister tot 2025 doen? Ik vraag dat zeker ook in het licht van die stukgelopen cao-onderhandelingen., Sender: Paul, message: Even voor de goede orde: het is al bijna 2025. In de tussentijd blijf ik echter doen wat ik in de afgelopen periode ook heb gedaan. Dat is in gesprek blijven met de schoolbesturen om hen te stimuleren en aan te zetten tot goed werkgeverschap. Ik ben het namelijk met mevrouw Beckerman eens dat het onbestaanbaar is dat je in tijden van zulke grote tekorten mensen aan het lijntje houdt en dat je geen vaste contracten biedt wanneer iemand gewoon goed functioneert. De motie-Kwint staat mij ook helder voor de geest. Die ging over het aanbieden van een vast contract. Dat moet gewoon veel sneller gebeuren en dat betrek ik ook bij dat wetsvoorstel. Het is niet zo dat we ergens in een ivoren torentje aan een wetsvoorstel werken en voor de rest geen contact hebben en geen druk uitoefenen om een bepaalde beweging tot stand te brengen. Ik ben daar echt dagelijks mee bezig.",17
17,"Schoolbesturen zijn op aarde om de randvoorwaarden te creëren waarbinnen schoolleiders, de directeuren van een school, en de leraren hun werk zo goed mogelijk kunnen doen. Het doel is om uiteindelijk goed onderwijs te bieden en een veilige omgeving te creëren voor elke leerling. Daar houd ik hen aan en daar sturen we op. Op het moment dat het niet goed gaat, grijpt de inspectie in. Op het moment dat het niet goed gaat, komen ze daar dus niet mee weg. Ik vind het te gemakkelijk om het hier op een blauwe maandag — of is het een blauwe dinsdag? — te hebben over het ontmantelen van schoolbesturen. Daarmee doe je heel veel besturen echt geen recht. Begin januari, nee, eind januari — ik heb m'n agenda niet helemaal scherp — komen we te spreken over sturing, bekostiging en zeggenschap in het onderwijs, met als doel de onderwijskwaliteit omhoog te brengen en ervoor te zorgen dat elke leerling goed onderwijs krijgt en veilig zichzelf kan zijn. In dat debat kunnen we het er zeker over hebben, maar ik vind het te gemakkelijk om nu mee te gaan in bepaalde frames.","Sender: Paul, message: Even voor de goede orde: het is al bijna 2025. In de tussentijd blijf ik echter doen wat ik in de afgelopen periode ook heb gedaan. Dat is in gesprek blijven met de schoolbesturen om hen te stimuleren en aan te zetten tot goed werkgeverschap. Ik ben het namelijk met mevrouw Beckerman eens dat het onbestaanbaar is dat je in tijden van zulke grote tekorten mensen aan het lijntje houdt en dat je geen vaste contracten biedt wanneer iemand gewoon goed functioneert. De motie-Kwint staat mij ook helder voor de geest. Die ging over het aanbieden van een vast contract. Dat moet gewoon veel sneller gebeuren en dat betrek ik ook bij dat wetsvoorstel. Het is niet zo dat we ergens in een ivoren torentje aan een wetsvoorstel werken en voor de rest geen contact hebben en geen druk uitoefenen om een bepaalde beweging tot stand te brengen. Ik ben daar echt dagelijks mee bezig., Sender: Van Houwelingen, message: Dit probleem van de externe inhuur wordt natuurlijk veroorzaakt door de schoolbesturen, die ook al adviseurs inhuren. Zoals u weet, is er is heel veel kritiek op die schoolbesturen, bijvoorbeeld van Beter Onderwijs Nederland. Die vereniging zegt dat de schoolbesturen aan niks en niemand verantwoording schuldig zijn. Daarom is mijn vraag aan de minister de volgende, ook gezien dit probleem. Zou het niet, zoals Beter Onderwijs Nederland zegt, wellicht verstandig zijn om zeker die grote schoolbesturen te ontmantelen of om op z'n minst een maximumgrens te stellen aan het aantal scholen dat onder een schoolbestuur kan vallen?",23
23,"Dank voor de beantwoording. Ondertussen is het echter wel zo, zoals de NOS een tijdje geleden heeft laten zien, dat van 30 schoolbesturen de bestuurders ook actief zijn voor private onderwijsinstellingen. Als er externe inhuur is, heb je natuurlijk een gigantisch probleem. Het is immers sowieso belangenverstrengeling. Ik stel nogmaals mijn vraag aan de minister. Er is denk ik echt een probleem met die schoolbesturen. Gaat de minister — excuus, ze is staatssecretaris — daar dan op z'n minst wat aan doen, bijvoorbeeld door te verbieden dat schoolbestuurders tegelijkertijd bij private onderwijsinstellingen werken? Dan krijg je ook die externe inhuur en dat is een enorme belangenverstrengeling. Dat zou toch op z'n minst verboden moeten worden?","Sender: Van Houwelingen, message: Dit probleem van de externe inhuur wordt natuurlijk veroorzaakt door de schoolbesturen, die ook al adviseurs inhuren. Zoals u weet, is er is heel veel kritiek op die schoolbesturen, bijvoorbeeld van Beter Onderwijs Nederland. Die vereniging zegt dat de schoolbesturen aan niks en niemand verantwoording schuldig zijn. Daarom is mijn vraag aan de minister de volgende, ook gezien dit probleem. Zou het niet, zoals Beter Onderwijs Nederland zegt, wellicht verstandig zijn om zeker die grote schoolbesturen te ontmantelen of om op z'n minst een maximumgrens te stellen aan het aantal scholen dat onder een schoolbestuur kan vallen?, Sender: Paul, message: Schoolbesturen zijn op aarde om de randvoorwaarden te creëren waarbinnen schoolleiders, de directeuren van een school, en de leraren hun werk zo goed mogelijk kunnen doen. Het doel is om uiteindelijk goed onderwijs te bieden en een veilige omgeving te creëren voor elke leerling. Daar houd ik hen aan en daar sturen we op. Op het moment dat het niet goed gaat, grijpt de inspectie in. Op het moment dat het niet goed gaat, komen ze daar dus niet mee weg. Ik vind het te gemakkelijk om het hier op een blauwe maandag — of is het een blauwe dinsdag? — te hebben over het ontmantelen van schoolbesturen. Daarmee doe je heel veel besturen echt geen recht. Begin januari, nee, eind januari — ik heb m'n agenda niet helemaal scherp — komen we te spreken over sturing, bekostiging en zeggenschap in het onderwijs, met als doel de onderwijskwaliteit omhoog te brengen en ervoor te zorgen dat elke leerling goed onderwijs krijgt en veilig zichzelf kan zijn. In dat debat kunnen we het er zeker over hebben, maar ik vind het te gemakkelijk om nu mee te gaan in bepaalde frames.",17
17,"We zijn daarover heel driftig in gesprek, om ervoor te zorgen dat belangenverstrengeling, voor zover daar sprake van zou zijn, niet meer voor kan komen. Dat is ook iets waar de inspectie heel scherp op toeziet. De PO-Raad is onder andere nu bezig — de VO-raad had dat al gedaan — om de code die daarover gaat, aan te scherpen en om daarop toe te zien, want dat is inderdaad absoluut niet de bedoeling.","Sender: Paul, message: Schoolbesturen zijn op aarde om de randvoorwaarden te creëren waarbinnen schoolleiders, de directeuren van een school, en de leraren hun werk zo goed mogelijk kunnen doen. Het doel is om uiteindelijk goed onderwijs te bieden en een veilige omgeving te creëren voor elke leerling. Daar houd ik hen aan en daar sturen we op. Op het moment dat het niet goed gaat, grijpt de inspectie in. Op het moment dat het niet goed gaat, komen ze daar dus niet mee weg. Ik vind het te gemakkelijk om het hier op een blauwe maandag — of is het een blauwe dinsdag? — te hebben over het ontmantelen van schoolbesturen. Daarmee doe je heel veel besturen echt geen recht. Begin januari, nee, eind januari — ik heb m'n agenda niet helemaal scherp — komen we te spreken over sturing, bekostiging en zeggenschap in het onderwijs, met als doel de onderwijskwaliteit omhoog te brengen en ervoor te zorgen dat elke leerling goed onderwijs krijgt en veilig zichzelf kan zijn. In dat debat kunnen we het er zeker over hebben, maar ik vind het te gemakkelijk om nu mee te gaan in bepaalde frames., Sender: Van Houwelingen, message: Dank voor de beantwoording. Ondertussen is het echter wel zo, zoals de NOS een tijdje geleden heeft laten zien, dat van 30 schoolbesturen de bestuurders ook actief zijn voor private onderwijsinstellingen. Als er externe inhuur is, heb je natuurlijk een gigantisch probleem. Het is immers sowieso belangenverstrengeling. Ik stel nogmaals mijn vraag aan de minister. Er is denk ik echt een probleem met die schoolbesturen. Gaat de minister — excuus, ze is staatssecretaris — daar dan op z'n minst wat aan doen, bijvoorbeeld door te verbieden dat schoolbestuurders tegelijkertijd bij private onderwijsinstellingen werken? Dan krijg je ook die externe inhuur en dat is een enorme belangenverstrengeling. Dat zou toch op z'n minst verboden moeten worden?",23
1,Dank u wel. Dank aan de staatssecretaris. Tot zover het vragenuurtje. Ik schors enkele ogenblikken en dan gaan we stemmen. De vergadering wordt enkele ogenblikken geschorst. Mededelingen,"Sender: Van Houwelingen, message: Dank voor de beantwoording. Ondertussen is het echter wel zo, zoals de NOS een tijdje geleden heeft laten zien, dat van 30 schoolbesturen de bestuurders ook actief zijn voor private onderwijsinstellingen. Als er externe inhuur is, heb je natuurlijk een gigantisch probleem. Het is immers sowieso belangenverstrengeling. Ik stel nogmaals mijn vraag aan de minister. Er is denk ik echt een probleem met die schoolbesturen. Gaat de minister — excuus, ze is staatssecretaris — daar dan op z'n minst wat aan doen, bijvoorbeeld door te verbieden dat schoolbestuurders tegelijkertijd bij private onderwijsinstellingen werken? Dan krijg je ook die externe inhuur en dat is een enorme belangenverstrengeling. Dat zou toch op z'n minst verboden moeten worden?, Sender: Paul, message: We zijn daarover heel driftig in gesprek, om ervoor te zorgen dat belangenverstrengeling, voor zover daar sprake van zou zijn, niet meer voor kan komen. Dat is ook iets waar de inspectie heel scherp op toeziet. De PO-Raad is onder andere nu bezig — de VO-raad had dat al gedaan — om de code die daarover gaat, aan te scherpen en om daarop toe te zien, want dat is inderdaad absoluut niet de bedoeling.",17